,copy_Best in town!,copy_Buy now!,copy_Don't miss out!,copy_Hurry up!,copy_Limited offer!,audience_elderly,audience_parents,audience_students,audience_teens,keywords_discount,keywords_exclusive,keywords_limited,keywords_offer,keywords_sale,time_of_day_tree_discret
0,1,0,0,0,0,0,0,0,0,0,0,0,1,0,-0.5679722665709271
1,1,0,0,0,0,0,0,0,0,0,0,0,1,0,-0.5679722665709271
2,0,0,0,0,0,0,0,1,0,0,0,0,1,0,-0.5679722665709271
3,0,0,0,0,1,1,0,0,0,0,0,0,1,0,0.9754021829178423
4,1,0,0,0,0,1,0,0,0,0,0,0,0,1,-3.189937337676849
5,0,0,0,1,0,0,0,0,1,0,0,0,0,0,-0.5679722665709271
6,1,0,0,0,0,1,0,0,0,0,1,0,0,0,-3.189937337676849
7,0,0,0,0,0,0,1,0,0,0,0,1,0,0,-0.5679722665709271
8,0,0,0,0,0,0,1,0,0,0,0,1,0,0,0.9754021829178423
9,1,0,0,0,0,0,1,0,0,0,0,0,1,0,-0.5679722665709271
10,0,1,0,0,0,0,0,1,0,1,0,0,0,0,-0.5679722665709271
11,0,0,0,0,0,0,1,0,0,1,0,0,0,0,0.9754021829178423
12,0,0,0,0,1,0,0,1,0,0,0,0,0,0,0.9754021829178423
13,0,0,1,0,0,0,0,0,1,1,0,0,0,0,0.9754021829178423
14,0,0,0,0,1,0,1,0,0,1,0,0,0,0,-0.5679722665709271
15,0,0,0,1,0,0,1,0,0,0,0,0,1,0,-0.5679722665709271
16,0,0,0,0,0,0,0,1,0,0,0,0,0,0,0.9754021829178423
17,1,0,0,0,0,0,0,1,0,0,0,1,0,0,0.9754021829178423
18,0,0,0,0,0,0,0,1,0,0,1,0,0,0,-0.5679722665709271
19,0,0,0,0,0,0,1,0,0,0,0,0,0,1,-0.5679722665709271
20,0,0,0,1,0,0,1,0,0,0,0,0,0,0,0.9754021829178423
21,0,0,1,0,0,0,0,0,0,0,0,0,0,0,-0.5679722665709271
22,1,0,0,0,0,0,0,1,0,0,1,0,0,0,-0.5679722665709271
23,0,0,0,1,0,0,1,0,0,0,0,0,0,0,-0.5679722665709271
24,0,1,0,0,0,0,0,1,0,0,0,1,0,0,0.9754021829178423
25,0,1,0,0,0,0,0,0,1,0,1,0,0,0,0.9754021829178423
26,0,0,0,0,0,1,0,0,0,0,1,0,0,0,-1.2272671587252215
27,0,0,0,1,0,0,0,0,1,0,0,1,0,0,0.9754021829178423
28,0,0,0,1,0,0,0,1,0,1,0,0,0,0,0.9754021829178423
29,0,0,0,0,0,1,0,0,0,0,0,0,0,1,0.9754021829178423
30,0,0,1,0,0,1,0,0,0,0,0,0,0,1,0.9754021829178423
31,0,0,0,0,0,0,0,0,0,0,0,0,1,0,-0.5679722665709271
32,0,0,0,1,0,0,0,1,0,0,0,0,1,0,-0.5679722665709271
33,1,0,0,0,0,0,1,0,0,0,0,1,0,0,0.9754021829178423
34,0,0,0,0,1,0,0,0,1,0,0,0,0,1,-0.5679722665709271
35,0,0,1,0,0,0,1,0,0,0,0,1,0,0,-0.5679722665709271
36,0,0,1,0,0,0,0,1,0,0,0,0,0,0,-1.2272671587252215
37,0,0,0,0,1,0,0,0,1,0,1,0,0,0,-0.5679722665709271
38,0,0,1,0,0,0,0,1,0,0,0,0,1,0,0.9754021829178423
39,0,0,0,0,0,0,0,1,0,0,0,0,0,1,-0.5679722665709271
40,0,0,0,0,1,0,0,1,0,0,0,1,0,0,-0.5679722665709271
41,0,0,0,0,0,0,1,0,0,0,0,0,0,0,0.9754021829178423
42,0,0,0,0,1,0,0,0,1,0,0,0,0,1,-0.5679722665709271
43,0,1,0,0,0,0,1,0,0,0,0,1,0,0,0.9754021829178423
44,0,1,0,0,0,0,0,1,0,0,0,1,0,0,0.9754021829178423
45,0,0,0,0,0,0,1,0,0,0,0,0,0,0,-1.2272671587252215
46,1,0,0,0,0,0,0,0,0,0,0,0,0,0,0.9754021829178423
47,0,1,0,0,0,0,0,1,0,0,0,0,0,1,0.9754021829178423
48,0,0,0,0,0,0,1,0,0,0,0,0,1,0,-0.5679722665709271
49,0,0,1,0,0,0,0,1,0,0,1,0,0,0,-0.5679722665709271
50,1,0,0,0,0,0,0,1,0,0,0,0,0,0,0.9754021829178423
51,0,0,0,0,0,0,0,0,1,0,0,1,0,0,-0.5679722665709271
52,0,1,0,0,0,1,0,0,0,0,0,0,0,1,-0.5679722665709271
53,0,0,0,0,0,0,0,0,1,1,0,0,0,0,-0.5679722665709271
54,0,0,0,0,1,1,0,0,0,0,0,0,0,1,-0.5679722665709271
55,0,0,0,1,0,1,0,0,0,0,0,1,0,0,0.9754021829178423
56,1,0,0,0,0,0,0,1,0,1,0,0,0,0,0.9754021829178423
57,0,0,1,0,0,0,0,0,1,0,1,0,0,0,0.9754021829178423
58,0,0,0,0,0,0,0,0,0,0,0,0,1,0,-0.5679722665709271
59,0,0,0,0,1,0,0,1,0,0,0,0,0,1,-0.5679722665709271
60,0,0,0,0,0,0,0,1,0,0,0,0,0,0,-0.5679722665709271
61,0,0,0,1,0,1,0,0,0,0,0,1,0,0,0.9754021829178423
62,0,0,1,0,0,0,0,0,0,0,0,0,0,0,-3.189937337676849
63,0,0,0,1,0,1,0,0,0,0,0,1,0,0,-1.2272671587252215
64,0,0,0,0,0,0,0,1,0,0,0,0,1,0,0.9754021829178423
65,0,0,0,0,1,0,0,0,0,0,1,0,0,0,-0.5679722665709271
66,0,0,0,1,0,0,0,0,1,0,0,1,0,0,-0.5679722665709271
67,0,0,0,0,0,1,0,0,0,0,0,0,0,0,-0.5679722665709271
68,0,1,0,0,0,0,0,0,0,0,0,0,1,0,0.9754021829178423
69,0,0,1,0,0,0,0,1,0,1,0,0,0,0,0.9754021829178423
70,0,0,0,0,0,0,0,1,0,1,0,0,0,0,-0.5679722665709271
71,0,0,0,0,1,0,1,0,0,0,0,0,1,0,0.9754021829178423
72,0,0,0,0,0,0,0,0,1,0,0,1,0,0,-0.5679722665709271
73,0,0,0,0,0,1,0,0,0,0,1,0,0,0,-0.5679722665709271
74,0,0,0,0,1,0,0,0,1,0,1,0,0,0,0.9754021829178423
75,0,0,1,0,0,0,1,0,0,0,0,0,1,0,0.9754021829178423
76,0,1,0,0,0,0,0,1,0,0,0,0,1,0,-1.2272671587252215
77,0,0,1,0,0,0,0,0,0,0,1,0,0,0,0.9754021829178423
78,1,0,0,0,0,0,1,0,0,0,0,0,0,0,0.9754021829178423
79,0,0,1,0,0,0,0,0,1,0,0,1,0,0,-0.5679722665709271
80,0,0,0,0,1,0,0,0,1,0,0,0,0,0,0.9754021829178423
81,0,0,0,1,0,0,0,0,1,0,0,1,0,0,-0.5679722665709271
82,0,1,0,0,0,0,1,0,0,0,0,0,0,0,-0.5679722665709271
83,1,0,0,0,0,0,0,0,0,0,1,0,0,0,-0.5679722665709271
84,0,0,0,0,0,0,0,0,0,1,0,0,0,0,0.9754021829178423
85,0,1,0,0,0,1,0,0,0,0,0,0,0,1,0.9754021829178423
86,0,0,0,0,1,0,1,0,0,0,0,0,1,0,-3.189937337676849
87,0,0,0,0,1,0,0,1,0,0,0,0,0,0,-0.5679722665709271
88,0,1,0,0,0,0,0,0,0,0,0,0,0,0,-0.5679722665709271
89,0,0,1,0,0,1,0,0,0,0,0,0,1,0,-0.5679722665709271
90,1,0,0,0,0,1,0,0,0,0,0,1,0,0,0.9754021829178423
91,0,0,0,1,0,0,0,0,0,0,0,0,0,1,-0.5679722665709271
92,0,1,0,0,0,0,0,1,0,0,0,0,0,1,0.9754021829178423
93,0,1,0,0,0,0,0,0,1,0,0,0,0,1,-3.189937337676849
94,0,0,0,0,0,0,0,1,0,0,0,0,0,0,0.9754021829178423
95,0,0,0,0,1,0,1,0,0,0,0,0,0,1,-0.5679722665709271
96,0,0,0,1,0,0,1,0,0,1,0,0,0,0,0.9754021829178423
97,0,1,0,0,0,0,0,0,1,0,0,0,0,1,0.9754021829178423
98,0,0,0,0,0,0,0,0,0,0,1,0,0,0,-0.5679722665709271
99,0,0,1,0,0,0,0,1,0,0,0,1,0,0,0.9754021829178423
100,0,1,0,0,0,0,0,0,1,0,0,1,0,0,-0.5679722665709271
101,0,0,0,1,0,0,0,0,1,0,0,0,0,0,-0.5679722665709271
102,0,0,0,1,0,1,0,0,0,0,1,0,0,0,0.9754021829178423
103,0,0,1,0,0,1,0,0,0,0,0,0,0,1,0.9754021829178423
104,0,1,0,0,0,0,0,1,0,0,0,0,0,0,-0.5679722665709271
105,0,0,1,0,0,0,0,0,0,0,0,0,0,1,-0.5679722665709271
106,0,0,1,0,0,0,1,0,0,0,1,0,0,0,-0.5679722665709271
107,1,0,0,0,0,0,0,0,0,0,1,0,0,0,0.9754021829178423
108,0,1,0,0,0,0,1,0,0,0,0,1,0,0,0.9754021829178423
109,0,1,0,0,0,0,0,1,0,0,0,1,0,0,0.9754021829178423
110,0,1,0,0,0,0,0,0,1,1,0,0,0,0,0.9754021829178423
111,1,0,0,0,0,0,0,0,1,0,0,0,1,0,0.9754021829178423
112,0,0,0,0,0,0,0,0,1,0,0,0,1,0,-1.2272671587252215
113,0,0,1,0,0,0,1,0,0,0,0,0,0,1,-3.189937337676849
114,0,0,1,0,0,0,0,0,0,0,0,0,0,0,0.9754021829178423
115,0,0,1,0,0,0,1,0,0,0,1,0,0,0,0.9754021829178423
116,0,0,0,1,0,1,0,0,0,0,1,0,0,0,0.9754021829178423
117,0,1,0,0,0,0,0,0,1,0,1,0,0,0,0.9754021829178423
118,1,0,0,0,0,0,0,0,1,0,1,0,0,0,0.9754021829178423
119,1,0,0,0,0,1,0,0,0,1,0,0,0,0,-0.5679722665709271
120,0,0,1,0,0,0,0,0,0,0,0,0,0,0,0.9754021829178423
121,0,0,0,1,0,1,0,0,0,1,0,0,0,0,-0.5679722665709271
122,0,0,1,0,0,0,0,0,0,1,0,0,0,0,0.9754021829178423
123,1,0,0,0,0,0,0,1,0,1,0,0,0,0,-1.2272671587252215
124,0,1,0,0,0,0,0,0,1,0,0,1,0,0,-0.5679722665709271
125,0,0,0,0,1,0,0,0,0,0,0,0,1,0,0.9754021829178423
126,0,1,0,0,0,0,0,1,0,0,0,0,1,0,0.9754021829178423
127,1,0,0,0,0,1,0,0,0,0,0,0,0,0,-0.5679722665709271
128,1,0,0,0,0,0,1,0,0,0,1,0,0,0,-0.5679722665709271
129,0,1,0,0,0,0,0,0,0,0,1,0,0,0,-0.5679722665709271
130,0,0,0,0,0,0,1,0,0,1,0,0,0,0,0.9754021829178423
131,0,0,0,0,0,0,0,0,1,0,1,0,0,0,-0.5679722665709271
132,0,0,0,0,1,0,0,0,0,0,0,0,1,0,-1.2272671587252215
133,0,0,0,0,1,0,1,0,0,0,0,0,0,1,-0.5679722665709271
134,0,1,0,0,0,0,0,0,1,0,1,0,0,0,-1.2272671587252215
135,0,0,0,0,1,0,0,0,0,0,0,0,1,0,0.9754021829178423
136,0,1,0,0,0,0,1,0,0,0,0,0,1,0,-0.5679722665709271
137,0,0,1,0,0,0,0,1,0,0,0,0,1,0,0.9754021829178423
138,0,0,0,1,0,0,1,0,0,0,0,0,1,0,-0.5679722665709271
139,0,0,0,0,0,0,0,0,1,0,0,1,0,0,-0.5679722665709271
140,0,0,0,1,0,0,1,0,0,0,0,0,0,1,0.9754021829178423
141,0,0,0,1,0,0,0,0,0,0,1,0,0,0,-1.2272671587252215
142,1,0,0,0,0,0,0,1,0,0,0,0,1,0,0.9754021829178423
143,0,0,0,0,0,0,1,0,0,1,0,0,0,0,0.9754021829178423
144,0,0,1,0,0,0,0,0,1,0,0,0,0,0,0.9754021829178423
145,0,0,1,0,0,0,0,1,0,0,0,1,0,0,-0.5679722665709271
146,0,0,1,0,0,1,0,0,0,0,0,0,0,0,-0.5679722665709271
147,0,1,0,0,0,0,0,0,0,1,0,0,0,0,0.9754021829178423
148,1,0,0,0,0,0,0,0,1,0,0,0,0,1,-0.5679722665709271
149,0,1,0,0,0,1,0,0,0,1,0,0,0,0,-0.5679722665709271
150,0,0,0,1,0,0,0,1,0,0,0,0,0,1,-0.5679722665709271
151,0,0,0,0,1,0,1,0,0,0,0,1,0,0,-0.5679722665709271
152,0,0,0,1,0,0,0,0,0,0,1,0,0,0,-0.5679722665709271
153,0,0,0,0,1,1,0,0,0,0,0,0,0,1,-0.5679722665709271
154,1,0,0,0,0,0,0,1,0,0,0,1,0,0,0.9754021829178423
155,0,0,0,0,1,0,0,1,0,0,0,1,0,0,0.9754021829178423
156,0,0,0,0,0,1,0,0,0,0,1,0,0,0,0.9754021829178423
157,0,1,0,0,0,0,0,0,0,1,0,0,0,0,-1.2272671587252215
158,0,0,0,0,1,0,0,1,0,1,0,0,0,0,-0.5679722665709271
159,0,0,0,0,1,0,1,0,0,0,1,0,0,0,-0.5679722665709271
160,0,1,0,0,0,0,0,1,0,0,0,0,1,0,-1.2272671587252215
161,0,0,0,0,0,0,1,0,0,0,0,1,0,0,0.9754021829178423
162,1,0,0,0,0,0,0,1,0,0,1,0,0,0,0.9754021829178423
163,0,0,0,0,1,0,0,0,0,0,1,0,0,0,0.9754021829178423
164,1,0,0,0,0,0,0,0,0,1,0,0,0,0,0.9754021829178423
165,0,0,0,0,1,0,1,0,0,0,0,0,1,0,-0.5679722665709271
166,0,0,1,0,0,0,1,0,0,0,0,0,0,1,0.9754021829178423
167,1,0,0,0,0,0,0,0,0,0,0,0,0,0,0.9754021829178423
168,0,1,0,0,0,0,1,0,0,0,1,0,0,0,-0.5679722665709271
169,1,0,0,0,0,0,1,0,0,0,0,0,1,0,-0.5679722665709271
170,0,1,0,0,0,0,0,0,0,0,0,1,0,0,-0.5679722665709271
171,0,1,0,0,0,1,0,0,0,0,0,0,1,0,-0.5679722665709271
172,0,0,1,0,0,0,0,0,1,0,0,1,0,0,0.9754021829178423
173,0,0,0,0,0,0,0,0,0,1,0,0,0,0,0.9754021829178423
174,0,0,1,0,0,0,1,0,0,1,0,0,0,0,0.9754021829178423
175,0,1,0,0,0,0,1,0,0,1,0,0,0,0,-3.189937337676849
176,0,0,0,0,1,0,0,0,1,0,0,0,0,0,0.9754021829178423
177,0,1,0,0,0,1,0,0,0,0,0,0,0,0,-1.2272671587252215
178,0,0,0,1,0,0,1,0,0,0,0,0,1,0,0.9754021829178423
179,0,0,0,1,0,0,0,0,1,1,0,0,0,0,-0.5679722665709271
180,0,0,0,0,0,0,0,1,0,1,0,0,0,0,-1.2272671587252215
181,0,0,0,1,0,0,0,1,0,1,0,0,0,0,-1.2272671587252215
182,0,0,1,0,0,0,0,0,1,0,0,0,1,0,-0.5679722665709271
183,0,0,0,0,1,0,0,1,0,0,0,1,0,0,-0.5679722665709271
184,0,0,1,0,0,0,1,0,0,0,1,0,0,0,-0.5679722665709271
185,1,0,0,0,0,0,0,1,0,0,0,0,0,0,0.9754021829178423
186,0,0,0,1,0,0,0,1,0,0,0,0,0,1,-0.5679722665709271
187,0,0,1,0,0,0,0,0,0,0,1,0,0,0,0.9754021829178423
188,0,0,0,0,1,1,0,0,0,0,0,1,0,0,0.9754021829178423
189,0,0,0,1,0,0,0,0,1,0,0,0,0,1,0.9754021829178423
190,0,0,0,0,0,0,0,0,1,1,0,0,0,0,-0.5679722665709271
191,0,0,1,0,0,0,0,0,0,0,0,1,0,0,-0.5679722665709271
192,0,0,0,0,0,0,0,1,0,0,0,0,1,0,-0.5679722665709271
193,0,1,0,0,0,0,1,0,0,0,0,1,0,0,-0.5679722665709271
194,0,0,0,0,0,0,0,1,0,0,0,1,0,0,-0.5679722665709271
195,0,0,0,0,1,0,0,1,0,0,0,0,0,1,0.9754021829178423
196,0,0,0,1,0,0,0,0,1,0,0,0,0,0,0.9754021829178423
197,0,1,0,0,0,0,0,0,1,0,0,0,1,0,-0.5679722665709271
198,1,0,0,0,0,1,0,0,0,0,0,1,0,0,-0.5679722665709271
199,0,0,0,1,0,0,0,1,0,0,0,0,1,0,-1.2272671587252215
200,0,0,0,1,0,0,0,0,1,0,0,0,0,1,-0.5679722665709271
201,0,0,0,0,0,0,1,0,0,0,0,0,0,1,0.9754021829178423
202,0,0,1,0,0,1,0,0,0,0,0,1,0,0,0.9754021829178423
203,0,0,1,0,0,0,0,0,1,0,0,0,1,0,-0.5679722665709271
204,0,1,0,0,0,0,1,0,0,0,0,0,0,1,-0.5679722665709271
205,1,0,0,0,0,0,1,0,0,0,0,0,0,1,-0.5679722665709271
206,0,0,0,0,0,0,0,0,0,1,0,0,0,0,-0.5679722665709271
207,0,0,0,0,1,0,0,0,1,0,0,1,0,0,-0.5679722665709271
208,1,0,0,0,0,0,0,0,1,0,1,0,0,0,-0.5679722665709271
209,0,0,0,1,0,0,0,0,1,0,0,0,0,1,-0.5679722665709271
210,0,0,0,1,0,0,0,0,0,1,0,0,0,0,0.9754021829178423
211,0,1,0,0,0,0,0,0,0,0,0,0,0,1,-0.5679722665709271
212,0,0,0,1,0,0,0,0,0,0,0,0,1,0,0.9754021829178423
213,1,0,0,0,0,0,0,0,0,0,0,0,0,0,0.9754021829178423
214,0,0,1,0,0,0,0,0,0,1,0,0,0,0,-0.5679722665709271
215,0,0,0,0,0,0,0,0,0,1,0,0,0,0,0.9754021829178423
216,0,0,0,1,0,0,1,0,0,0,1,0,0,0,-0.5679722665709271
217,0,0,1,0,0,0,1,0,0,0,1,0,0,0,0.9754021829178423
218,0,0,1,0,0,0,0,0,0,0,0,0,0,1,-0.5679722665709271
219,0,0,0,0,0,0,0,0,1,0,0,0,0,1,0.9754021829178423
220,0,0,0,0,0,0,0,0,1,1,0,0,0,0,0.9754021829178423
221,0,1,0,0,0,0,1,0,0,0,0,1,0,0,-0.5679722665709271
222,0,0,0,0,0,0,1,0,0,0,0,1,0,0,-0.5679722665709271
223,0,0,0,0,1,0,1,0,0,1,0,0,0,0,0.9754021829178423
224,0,0,1,0,0,0,0,1,0,0,0,0,1,0,-0.5679722665709271
225,0,1,0,0,0,0,0,1,0,0,1,0,0,0,-0.5679722665709271
226,1,0,0,0,0,0,0,0,0,0,0,0,0,1,0.9754021829178423
227,0,0,0,0,1,1,0,0,0,0,0,1,0,0,-0.5679722665709271
228,1,0,0,0,0,0,0,0,0,0,0,0,0,1,-0.5679722665709271
229,0,0,0,0,1,0,1,0,0,0,0,1,0,0,0.9754021829178423
230,0,0,0,0,1,0,0,0,0,1,0,0,0,0,-1.2272671587252215
231,0,0,0,1,0,0,0,0,0,0,0,0,1,0,-0.5679722665709271
232,0,1,0,0,0,0,0,0,1,0,0,1,0,0,0.9754021829178423
233,0,0,0,0,0,0,0,0,0,0,0,0,0,1,0.9754021829178423
234,0,0,1,0,0,0,0,0,1,0,0,1,0,0,0.9754021829178423
235,0,1,0,0,0,0,0,0,0,0,0,0,0,1,-0.5679722665709271
236,0,0,1,0,0,0,0,0,1,0,0,0,0,1,0.9754021829178423
237,1,0,0,0,0,0,0,0,0,1,0,0,0,0,-0.5679722665709271
238,0,0,1,0,0,1,0,0,0,0,0,0,0,1,-1.2272671587252215
239,0,0,0,0,0,0,0,0,0,1,0,0,0,0,0.9754021829178423
240,0,0,0,0,1,0,0,0,0,0,1,0,0,0,0.9754021829178423
241,1,0,0,0,0,1,0,0,0,0,0,0,1,0,-1.2272671587252215
242,1,0,0,0,0,0,0,0,1,0,0,1,0,0,-0.5679722665709271
243,0,0,0,1,0,0,1,0,0,0,0,0,1,0,0.9754021829178423
244,0,0,0,0,1,0,0,0,1,0,0,0,0,1,-0.5679722665709271
245,0,0,0,0,0,0,0,1,0,0,1,0,0,0,-0.5679722665709271
246,0,0,0,0,0,0,1,0,0,0,0,1,0,0,-0.5679722665709271
247,1,0,0,0,0,0,0,0,1,1,0,0,0,0,0.9754021829178423
248,0,1,0,0,0,0,1,0,0,0,0,0,0,1,0.9754021829178423
249,0,0,0,0,0,0,0,0,1,0,1,0,0,0,-0.5679722665709271
250,0,0,0,1,0,1,0,0,0,0,0,0,0,0,-0.5679722665709271
251,0,0,0,1,0,0,1,0,0,0,0,0,1,0,0.9754021829178423
252,0,1,0,0,0,0,0,0,0,0,0,1,0,0,0.9754021829178423
253,1,0,0,0,0,0,0,1,0,0,0,0,1,0,0.9754021829178423
254,0,0,1,0,0,0,0,0,1,0,0,0,1,0,0.9754021829178423
255,0,0,1,0,0,0,1,0,0,1,0,0,0,0,0.9754021829178423
256,0,0,1,0,0,0,0,0,1,0,1,0,0,0,0.9754021829178423
257,0,0,1,0,0,0,0,1,0,0,0,1,0,0,0.9754021829178423
258,0,0,0,1,0,1,0,0,0,0,0,0,1,0,0.9754021829178423
259,0,1,0,0,0,0,0,0,0,0,0,0,1,0,-0.5679722665709271
260,0,0,0,1,0,0,1,0,0,0,0,0,0,1,-0.5679722665709271
261,0,0,0,0,0,0,0,1,0,0,0,0,0,1,-0.5679722665709271
262,1,0,0,0,0,0,0,1,0,0,1,0,0,0,-0.5679722665709271
263,0,0,1,0,0,0,0,1,0,0,0,0,1,0,-0.5679722665709271
264,0,0,0,0,0,1,0,0,0,0,0,0,0,1,0.9754021829178423
265,1,0,0,0,0,0,0,0,1,0,0,0,1,0,0.9754021829178423
266,0,0,1,0,0,0,1,0,0,0,0,0,0,1,0.9754021829178423
267,0,0,1,0,0,0,0,0,0,1,0,0,0,0,-0.5679722665709271
268,0,0,0,1,0,0,0,0,0,0,0,0,1,0,-0.5679722665709271
269,0,0,1,0,0,0,1,0,0,0,1,0,0,0,-0.5679722665709271
270,0,0,0,0,1,0,0,1,0,0,0,0,1,0,0.9754021829178423
271,1,0,0,0,0,0,0,1,0,0,1,0,0,0,-0.5679722665709271
272,0,1,0,0,0,0,0,0,0,1,0,0,0,0,0.9754021829178423
273,0,0,0,0,0,0,0,1,0,0,1,0,0,0,-0.5679722665709271
274,0,0,0,0,1,1,0,0,0,0,0,0,1,0,0.9754021829178423
275,0,0,0,0,1,0,1,0,0,0,0,0,0,1,-0.5679722665709271
276,0,1,0,0,0,1,0,0,0,0,1,0,0,0,-0.5679722665709271
277,0,0,0,1,0,0,0,0,0,0,1,0,0,0,0.9754021829178423
278,0,1,0,0,0,1,0,0,0,0,0,0,0,1,-1.2272671587252215
279,0,1,0,0,0,0,0,0,0,0,0,0,1,0,-0.5679722665709271
280,0,1,0,0,0,0,1,0,0,0,0,0,0,0,-0.5679722665709271
281,0,0,0,0,1,0,0,0,1,0,0,0,0,0,-3.189937337676849
282,0,0,0,1,0,1,0,0,0,0,0,0,1,0,-0.5679722665709271
283,0,0,0,0,0,1,0,0,0,0,0,0,0,1,-1.2272671587252215
284,0,0,1,0,0,0,0,0,1,0,0,1,0,0,-3.189937337676849
285,0,0,0,0,1,0,0,0,1,0,0,1,0,0,0.9754021829178423
286,0,0,0,0,0,0,0,1,0,0,0,0,1,0,0.9754021829178423
287,0,0,0,1,0,0,0,1,0,0,0,0,0,0,0.9754021829178423
288,0,0,0,0,0,0,0,0,1,0,0,0,0,1,0.9754021829178423
289,0,0,0,0,1,0,0,0,1,0,1,0,0,0,-0.5679722665709271
290,0,0,0,0,0,0,0,1,0,0,1,0,0,0,-0.5679722665709271
291,0,0,1,0,0,0,0,0,0,0,0,1,0,0,-0.5679722665709271
292,0,0,0,0,1,0,0,1,0,0,0,0,0,0,-0.5679722665709271
293,0,0,1,0,0,1,0,0,0,0,1,0,0,0,-0.5679722665709271
294,0,1,0,0,0,0,0,1,0,0,0,0,1,0,0.9754021829178423
295,0,0,0,0,1,1,0,0,0,0,1,0,0,0,-0.5679722665709271
296,0,0,1,0,0,0,0,1,0,0,0,0,0,1,-3.189937337676849
297,0,0,0,0,0,0,0,0,1,0,0,0,0,0,0.9754021829178423
298,0,0,1,0,0,0,0,0,1,0,0,0,1,0,0.9754021829178423
299,1,0,0,0,0,0,0,0,0,0,0,0,1,0,-0.5679722665709271
300,0,0,0,1,0,0,0,1,0,0,0,0,1,0,0.9754021829178423
301,0,0,0,0,1,1,0,0,0,0,0,0,0,1,0.9754021829178423
302,0,0,0,1,0,0,0,1,0,0,0,0,0,0,-0.5679722665709271
303,1,0,0,0,0,0,0,0,0,0,1,0,0,0,-0.5679722665709271
304,0,0,1,0,0,0,0,0,1,0,0,0,1,0,0.9754021829178423
305,0,0,0,0,1,1,0,0,0,0,0,1,0,0,0.9754021829178423
306,0,0,0,0,1,0,0,1,0,0,0,1,0,0,-0.5679722665709271
307,0,0,1,0,0,0,0,1,0,0,0,1,0,0,0.9754021829178423
308,0,0,0,1,0,0,0,0,0,0,0,0,0,1,0.9754021829178423
309,0,0,0,0,1,0,0,1,0,0,1,0,0,0,0.9754021829178423
310,1,0,0,0,0,0,1,0,0,0,0,0,0,1,-0.5679722665709271
311,0,0,0,0,0,0,0,0,1,1,0,0,0,0,0.9754021829178423
312,0,0,1,0,0,1,0,0,0,0,0,0,0,1,-0.5679722665709271
313,0,0,0,1,0,0,1,0,0,0,1,0,0,0,-0.5679722665709271
314,0,0,1,0,0,0,1,0,0,1,0,0,0,0,-0.5679722665709271
315,0,0,1,0,0,0,1,0,0,0,0,0,0,1,0.9754021829178423
316,0,1,0,0,0,0,0,1,0,0,1,0,0,0,-1.2272671587252215
317,0,1,0,0,0,0,0,1,0,0,0,0,0,0,-0.5679722665709271
318,0,0,0,0,0,1,0,0,0,0,1,0,0,0,-1.2272671587252215
319,0,1,0,0,0,0,1,0,0,0,0,0,1,0,0.9754021829178423
320,0,0,0,0,1,0,0,1,0,0,0,0,0,1,-0.5679722665709271
321,0,1,0,0,0,0,0,0,0,0,0,0,0,0,0.9754021829178423
322,0,0,0,1,0,0,0,0,0,0,0,0,1,0,-0.5679722665709271
323,1,0,0,0,0,0,0,1,0,0,0,0,1,0,-0.5679722665709271
324,0,0,0,0,0,0,0,0,1,1,0,0,0,0,0.9754021829178423
325,0,1,0,0,0,1,0,0,0,0,0,0,0,1,-0.5679722665709271
326,1,0,0,0,0,0,0,1,0,1,0,0,0,0,-0.5679722665709271
327,0,0,0,0,0,0,0,0,1,0,0,1,0,0,0.9754021829178423
328,0,0,0,1,0,0,0,1,0,1,0,0,0,0,0.9754021829178423
329,1,0,0,0,0,0,1,0,0,0,0,0,0,0,-0.5679722665709271
330,0,1,0,0,0,0,0,0,1,0,0,0,0,1,-0.5679722665709271
331,0,0,0,0,1,0,0,0,1,1,0,0,0,0,0.9754021829178423
332,0,0,0,1,0,0,0,0,1,1,0,0,0,0,-1.2272671587252215
333,0,0,0,1,0,0,1,0,0,0,0,0,0,0,0.9754021829178423
334,0,1,0,0,0,0,1,0,0,1,0,0,0,0,-0.5679722665709271
335,0,0,0,0,0,0,0,0,1,0,1,0,0,0,0.9754021829178423
336,1,0,0,0,0,1,0,0,0,0,1,0,0,0,0.9754021829178423
337,1,0,0,0,0,0,1,0,0,0,0,1,0,0,0.9754021829178423
338,0,0,0,0,1,0,0,0,1,0,0,1,0,0,-0.5679722665709271
339,0,0,1,0,0,0,0,0,1,0,0,0,0,0,-0.5679722665709271
340,0,0,0,0,1,0,0,0,1,0,0,0,0,1,0.9754021829178423
341,0,1,0,0,0,0,1,0,0,0,0,0,0,1,-0.5679722665709271
342,0,0,1,0,0,0,0,1,0,0,0,1,0,0,0.9754021829178423
343,0,0,0,1,0,0,0,1,0,1,0,0,0,0,0.9754021829178423
344,0,0,0,0,0,0,0,0,0,0,0,0,1,0,-0.5679722665709271
345,0,0,0,1,0,0,0,0,1,0,0,0,0,1,0.9754021829178423
346,1,0,0,0,0,0,0,0,0,0,0,1,0,0,0.9754021829178423
347,0,1,0,0,0,0,1,0,0,0,0,0,1,0,-0.5679722665709271
348,0,0,0,0,0,1,0,0,0,0,0,0,1,0,0.9754021829178423
349,0,0,0,0,0,0,0,0,0,0,0,0,0,0,0.9754021829178423
350,0,0,1,0,0,0,1,0,0,0,0,1,0,0,-0.5679722665709271
351,0,0,1,0,0,1,0,0,0,0,0,0,0,1,-0.5679722665709271
352,0,1,0,0,0,1,0,0,0,0,0,0,0,1,0.9754021829178423
353,0,0,0,1,0,0,0,1,0,0,1,0,0,0,0.9754021829178423
354,0,0,1,0,0,0,0,0,0,0,0,0,0,0,0.9754021829178423
355,0,0,1,0,0,1,0,0,0,1,0,0,0,0,-1.2272671587252215
356,1,0,0,0,0,1,0,0,0,0,0,0,1,0,0.9754021829178423
357,0,0,0,0,0,0,0,0,1,0,0,0,0,0,0.9754021829178423
358,0,0,0,1,0,0,0,0,1,1,0,0,0,0,-0.5679722665709271
359,0,0,1,0,0,1,0,0,0,0,0,1,0,0,-1.2272671587252215
360,0,0,0,0,0,0,0,0,0,0,0,1,0,0,0.9754021829178423
361,1,0,0,0,0,0,0,0,0,0,0,0,1,0,-0.5679722665709271
362,0,1,0,0,0,0,1,0,0,0,0,0,0,1,-3.189937337676849
363,0,0,0,0,1,0,0,1,0,0,1,0,0,0,-0.5679722665709271
364,0,1,0,0,0,0,0,0,0,0,0,1,0,0,-0.5679722665709271
365,0,1,0,0,0,1,0,0,0,0,0,0,0,1,-1.2272671587252215
366,1,0,0,0,0,0,0,0,0,0,0,0,0,0,-3.189937337676849
367,0,1,0,0,0,0,0,0,0,0,1,0,0,0,0.9754021829178423
368,0,1,0,0,0,0,1,0,0,0,0,0,1,0,-0.5679722665709271
369,0,0,0,0,0,0,0,1,0,0,0,0,0,1,0.9754021829178423
370,0,0,1,0,0,1,0,0,0,0,0,0,0,1,0.9754021829178423
371,1,0,0,0,0,0,1,0,0,0,0,0,0,0,-0.5679722665709271
372,0,0,1,0,0,0,0,0,0,1,0,0,0,0,-0.5679722665709271
373,0,0,0,1,0,1,0,0,0,0,0,0,0,1,0.9754021829178423
374,0,0,0,0,0,1,0,0,0,0,0,0,0,1,0.9754021829178423
375,0,0,0,1,0,0,0,0,0,0,1,0,0,0,0.9754021829178423
376,0,0,1,0,0,0,0,0,0,0,0,0,0,0,0.9754021829178423
377,1,0,0,0,0,0,0,0,0,0,0,0,0,1,-0.5679722665709271
378,0,0,0,0,0,0,1,0,0,0,0,1,0,0,-0.5679722665709271
379,0,0,0,1,0,0,0,0,0,0,0,1,0,0,0.9754021829178423
380,0,0,0,0,0,0,1,0,0,0,0,1,0,0,0.9754021829178423
381,0,0,1,0,0,0,1,0,0,0,0,0,0,1,0.9754021829178423
382,0,0,0,0,1,0,0,0,0,0,0,0,1,0,0.9754021829178423
383,1,0,0,0,0,0,1,0,0,0,0,1,0,0,0.9754021829178423
384,0,0,1,0,0,1,0,0,0,1,0,0,0,0,-0.5679722665709271
385,0,0,0,0,1,0,1,0,0,0,0,0,1,0,-0.5679722665709271
386,0,0,0,0,0,0,0,0,0,0,0,1,0,0,-0.5679722665709271
387,0,0,0,0,0,0,1,0,0,0,0,0,0,0,-0.5679722665709271
388,1,0,0,0,0,0,0,0,0,0,0,1,0,0,-0.5679722665709271
389,0,0,0,0,1,1,0,0,0,0,0,0,1,0,0.9754021829178423
390,0,1,0,0,0,0,0,0,0,0,0,1,0,0,-0.5679722665709271
391,0,0,1,0,0,0,1,0,0,0,0,1,0,0,-0.5679722665709271
392,1,0,0,0,0,0,1,0,0,0,0,0,1,0,0.9754021829178423
393,0,0,0,0,0,0,1,0,0,0,0,1,0,0,-0.5679722665709271
394,0,0,0,0,1,0,0,0,1,0,0,0,0,1,-0.5679722665709271
395,0,0,0,0,0,0,0,0,0,1,0,0,0,0,0.9754021829178423
396,0,0,0,0,1,0,1,0,0,0,0,0,0,0,0.9754021829178423
397,0,0,0,1,0,0,0,0,0,0,0,0,0,0,0.9754021829178423
398,0,0,1,0,0,0,1,0,0,0,0,1,0,0,-0.5679722665709271
399,0,0,0,0,0,0,0,1,0,0,0,0,0,1,-0.5679722665709271
400,0,0,1,0,0,0,0,0,0,0,1,0,0,0,0.9754021829178423
401,0,0,0,0,1,0,0,0,0,0,0,0,1,0,-3.189937337676849
402,0,0,0,1,0,1,0,0,0,0,0,0,0,0,0.9754021829178423
403,0,1,0,0,0,0,1,0,0,1,0,0,0,0,-0.5679722665709271
404,1,0,0,0,0,0,1,0,0,0,0,1,0,0,0.9754021829178423
405,0,0,0,0,0,0,0,1,0,0,1,0,0,0,0.9754021829178423
406,0,0,0,0,0,0,0,0,1,1,0,0,0,0,-0.5679722665709271
407,0,0,0,0,1,1,0,0,0,0,0,0,1,0,0.9754021829178423
408,0,1,0,0,0,0,0,0,0,0,0,0,0,1,-0.5679722665709271
409,0,0,1,0,0,0,1,0,0,0,1,0,0,0,0.9754021829178423
410,0,0,1,0,0,0,0,0,0,0,0,0,0,0,0.9754021829178423
411,0,1,0,0,0,0,0,1,0,0,0,0,0,0,-0.5679722665709271
412,0,0,0,0,0,0,0,1,0,1,0,0,0,0,0.9754021829178423
413,0,0,0,0,0,0,0,0,1,0,0,0,0,0,-0.5679722665709271
414,0,0,0,0,1,0,0,0,1,0,0,0,0,0,-0.5679722665709271
415,0,0,0,0,0,0,0,1,0,0,1,0,0,0,-0.5679722665709271
416,1,0,0,0,0,0,1,0,0,0,0,1,0,0,-0.5679722665709271
417,0,0,0,0,0,1,0,0,0,0,1,0,0,0,-0.5679722665709271
418,0,0,0,0,0,1,0,0,0,0,0,0,0,1,-1.2272671587252215
419,0,0,0,0,1,1,0,0,0,0,0,0,0,1,-3.189937337676849
420,1,0,0,0,0,0,0,1,0,0,0,1,0,0,0.9754021829178423
421,0,0,0,0,0,0,0,0,1,0,0,0,0,1,0.9754021829178423
422,1,0,0,0,0,0,1,0,0,0,0,1,0,0,-0.5679722665709271
423,0,0,1,0,0,1,0,0,0,0,1,0,0,0,-0.5679722665709271
424,0,0,0,0,0,0,1,0,0,0,0,0,0,0,0.9754021829178423
425,0,0,1,0,0,0,0,0,1,0,0,1,0,0,0.9754021829178423
426,1,0,0,0,0,0,1,0,0,1,0,0,0,0,-0.5679722665709271
427,1,0,0,0,0,0,0,1,0,0,0,1,0,0,0.9754021829178423
428,0,0,0,0,1,1,0,0,0,1,0,0,0,0,0.9754021829178423
429,0,0,0,0,1,0,1,0,0,0,0,0,1,0,0.9754021829178423
430,0,0,0,0,1,0,0,1,0,0,0,0,0,0,0.9754021829178423
431,0,0,0,0,0,0,0,0,0,1,0,0,0,0,-0.5679722665709271
432,0,0,0,0,1,0,0,0,1,0,0,0,0,0,-0.5679722665709271
433,0,0,0,0,1,0,0,1,0,0,0,0,0,1,-0.5679722665709271
434,0,1,0,0,0,0,1,0,0,0,1,0,0,0,0.9754021829178423
435,0,1,0,0,0,0,0,1,0,0,1,0,0,0,-0.5679722665709271
436,0,0,1,0,0,0,0,1,0,0,0,1,0,0,-0.5679722665709271
437,0,1,0,0,0,0,0,0,0,0,0,0,1,0,-0.5679722665709271
438,0,0,0,0,0,0,0,0,1,1,0,0,0,0,-0.5679722665709271
439,1,0,0,0,0,1,0,0,0,0,1,0,0,0,0.9754021829178423
440,0,0,1,0,0,0,1,0,0,1,0,0,0,0,0.9754021829178423
441,0,0,0,0,0,0,0,0,0,0,0,1,0,0,0.9754021829178423
442,0,0,0,1,0,0,0,0,0,1,0,0,0,0,-0.5679722665709271
443,0,0,0,1,0,1,0,0,0,1,0,0,0,0,-0.5679722665709271
444,0,0,0,0,1,1,0,0,0,0,0,0,1,0,-0.5679722665709271
445,0,0,0,1,0,0,0,0,0,0,0,1,0,0,0.9754021829178423
446,0,1,0,0,0,0,0,0,1,0,0,0,0,1,-0.5679722665709271
447,0,0,0,1,0,0,1,0,0,0,0,1,0,0,-0.5679722665709271
448,0,0,0,1,0,0,0,0,0,0,0,0,0,0,0.9754021829178423
449,0,0,0,0,0,0,0,0,1,0,1,0,0,0,0.9754021829178423
450,1,0,0,0,0,0,0,0,1,0,1,0,0,0,-0.5679722665709271
451,0,0,0,1,0,0,0,0,0,0,0,1,0,0,0.9754021829178423
452,0,0,0,1,0,0,0,0,1,0,0,0,1,0,-0.5679722665709271
453,0,0,0,0,0,1,0,0,0,0,0,0,0,1,-1.2272671587252215
454,0,1,0,0,0,0,1,0,0,0,0,0,1,0,0.9754021829178423
455,0,0,0,0,1,0,1,0,0,0,0,0,0,1,0.9754021829178423
456,0,1,0,0,0,1,0,0,0,0,0,1,0,0,0.9754021829178423
457,0,0,0,1,0,0,1,0,0,0,0,0,0,0,-3.189937337676849
458,1,0,0,0,0,0,1,0,0,0,0,0,0,0,0.9754021829178423
459,0,0,0,0,1,0,0,1,0,0,1,0,0,0,0.9754021829178423
460,0,0,0,0,1,0,0,0,1,0,0,0,0,1,-0.5679722665709271
461,0,0,0,0,1,0,0,0,0,0,0,1,0,0,-0.5679722665709271
462,0,0,0,0,1,0,0,1,0,0,0,0,0,0,0.9754021829178423
463,0,1,0,0,0,0,0,0,0,0,0,0,0,1,-0.5679722665709271
464,0,0,0,0,0,0,0,0,1,0,0,1,0,0,-0.5679722665709271
465,1,0,0,0,0,0,0,0,0,0,0,0,0,1,0.9754021829178423
466,0,0,1,0,0,0,0,1,0,0,0,1,0,0,-0.5679722665709271
467,1,0,0,0,0,0,0,0,1,1,0,0,0,0,0.9754021829178423
468,0,1,0,0,0,0,1,0,0,0,0,0,1,0,-3.189937337676849
469,0,0,0,0,1,0,0,1,0,0,1,0,0,0,-1.2272671587252215
470,0,0,0,1,0,0,0,0,0,1,0,0,0,0,-1.2272671587252215
471,0,0,1,0,0,0,0,0,1,0,0,0,0,0,-0.5679722665709271
472,0,0,1,0,0,0,0,0,0,0,0,0,0,0,0.9754021829178423
473,0,0,0,1,0,0,0,0,0,0,0,0,1,0,-0.5679722665709271
474,0,0,0,0,1,0,1,0,0,0,1,0,0,0,0.9754021829178423
475,0,1,0,0,0,1,0,0,0,0,1,0,0,0,-0.5679722665709271
476,0,0,0,0,0,0,0,0,0,0,0,1,0,0,-0.5679722665709271
477,0,0,0,0,0,0,1,0,0,0,0,0,0,0,-0.5679722665709271
478,1,0,0,0,0,1,0,0,0,0,1,0,0,0,-1.2272671587252215
479,0,0,0,0,1,0,0,1,0,0,0,0,1,0,-0.5679722665709271
480,0,0,0,1,0,0,1,0,0,0,0,1,0,0,-0.5679722665709271
481,0,0,0,0,1,0,0,0,1,0,0,1,0,0,-0.5679722665709271
482,0,1,0,0,0,0,1,0,0,0,0,0,0,1,-0.5679722665709271
483,0,0,1,0,0,0,0,0,0,0,0,0,0,1,-0.5679722665709271
484,1,0,0,0,0,0,0,1,0,0,0,0,0,1,-0.5679722665709271
485,1,0,0,0,0,0,1,0,0,0,1,0,0,0,-0.5679722665709271
486,0,0,1,0,0,0,0,0,1,0,0,0,1,0,0.9754021829178423
487,0,0,0,0,1,0,0,1,0,0,0,0,0,1,-0.5679722665709271
488,0,0,0,1,0,0,0,1,0,0,0,0,1,0,0.9754021829178423
489,0,0,1,0,0,1,0,0,0,0,1,0,0,0,0.9754021829178423
490,0,0,0,0,1,0,0,0,0,0,1,0,0,0,-0.5679722665709271
491,0,0,0,0,1,0,0,0,0,0,1,0,0,0,-1.2272671587252215
492,0,0,0,0,0,0,1,0,0,1,0,0,0,0,0.9754021829178423
493,1,0,0,0,0,0,0,0,1,0,0,0,0,1,-0.5679722665709271
494,0,0,1,0,0,0,0,0,0,0,0,0,1,0,-0.5679722665709271
495,1,0,0,0,0,1,0,0,0,0,0,1,0,0,0.9754021829178423
496,0,1,0,0,0,0,0,1,0,0,0,0,1,0,-0.5679722665709271
497,0,0,0,0,1,0,0,0,1,0,0,1,0,0,0.9754021829178423
498,0,0,0,0,0,0,0,1,0,0,0,0,0,1,0.9754021829178423
499,0,0,0,1,0,0,0,0,1,0,0,0,1,0,0.9754021829178423
500,0,0,0,0,1,0,0,1,0,0,0,1,0,0,0.9754021829178423
501,0,0,1,0,0,0,0,1,0,0,0,0,0,1,-0.5679722665709271
502,0,0,0,0,0,0,0,1,0,1,0,0,0,0,0.9754021829178423
503,0,0,0,1,0,0,0,1,0,1,0,0,0,0,0.9754021829178423
504,1,0,0,0,0,0,1,0,0,0,0,0,0,0,-0.5679722665709271
505,1,0,0,0,0,0,0,1,0,0,0,0,0,0,-1.2272671587252215
506,1,0,0,0,0,0,0,0,0,0,0,0,1,0,-1.2272671587252215
507,0,0,0,0,1,0,0,1,0,0,0,0,0,1,0.9754021829178423
508,0,1,0,0,0,0,0,0,0,1,0,0,0,0,0.9754021829178423
509,0,0,0,1,0,0,0,1,0,0,0,1,0,0,0.9754021829178423
510,0,0,0,0,1,0,1,0,0,0,0,0,0,1,-1.2272671587252215
511,0,0,1,0,0,0,0,0,0,0,0,0,1,0,-0.5679722665709271
512,0,0,0,0,1,1,0,0,0,0,0,0,1,0,0.9754021829178423
513,0,0,0,0,1,0,0,0,0,0,0,1,0,0,-0.5679722665709271
514,0,0,0,0,1,0,0,1,0,0,0,0,0,0,0.9754021829178423
515,0,1,0,0,0,0,1,0,0,0,0,1,0,0,0.9754021829178423
516,0,0,0,0,0,0,1,0,0,1,0,0,0,0,-0.5679722665709271
517,0,0,1,0,0,0,0,1,0,0,1,0,0,0,-0.5679722665709271
518,0,0,0,0,0,0,1,0,0,0,1,0,0,0,0.9754021829178423
519,0,0,0,1,0,1,0,0,0,0,0,1,0,0,0.9754021829178423
520,0,0,0,0,1,0,0,1,0,0,0,0,0,0,-1.2272671587252215
521,0,1,0,0,0,0,0,0,1,0,1,0,0,0,0.9754021829178423
522,0,1,0,0,0,0,1,0,0,1,0,0,0,0,-1.2272671587252215
523,0,0,0,1,0,0,0,0,0,0,0,0,0,1,-1.2272671587252215
524,0,0,0,0,1,1,0,0,0,0,0,1,0,0,-0.5679722665709271
525,0,0,0,1,0,0,0,0,1,0,0,1,0,0,-0.5679722665709271
526,0,0,0,1,0,0,0,0,0,0,0,0,0,1,0.9754021829178423
527,0,0,0,0,0,0,0,0,0,1,0,0,0,0,0.9754021829178423
528,0,1,0,0,0,1,0,0,0,1,0,0,0,0,-0.5679722665709271
529,0,0,0,0,1,0,1,0,0,0,0,1,0,0,-0.5679722665709271
530,1,0,0,0,0,0,1,0,0,0,0,0,0,1,0.9754021829178423
531,0,0,0,1,0,0,0,1,0,0,1,0,0,0,-1.2272671587252215
532,0,0,1,0,0,0,0,1,0,1,0,0,0,0,0.9754021829178423
533,1,0,0,0,0,0,0,0,1,0,0,0,0,0,-0.5679722665709271
534,0,1,0,0,0,0,1,0,0,0,0,0,1,0,-0.5679722665709271
535,0,0,0,0,1,1,0,0,0,0,0,0,0,0,-1.2272671587252215
536,0,0,1,0,0,0,0,0,0,0,0,0,0,1,0.9754021829178423
537,0,0,0,1,0,1,0,0,0,0,0,0,1,0,0.9754021829178423
538,0,0,0,1,0,0,0,1,0,0,0,1,0,0,0.9754021829178423
539,0,0,0,0,1,0,1,0,0,0,1,0,0,0,0.9754021829178423
540,0,1,0,0,0,0,0,1,0,0,0,1,0,0,-0.5679722665709271
541,0,0,0,0,1,0,1,0,0,0,0,0,0,0,-1.2272671587252215
542,0,0,1,0,0,0,1,0,0,1,0,0,0,0,0.9754021829178423
543,0,0,0,1,0,0,0,0,1,0,0,1,0,0,-0.5679722665709271
544,0,0,1,0,0,1,0,0,0,0,0,0,0,0,0.9754021829178423
545,0,0,0,0,1,1,0,0,0,0,0,0,0,0,0.9754021829178423
546,1,0,0,0,0,0,0,0,1,0,0,0,0,1,-0.5679722665709271
547,0,1,0,0,0,1,0,0,0,0,0,0,1,0,-0.5679722665709271
548,0,0,1,0,0,0,1,0,0,0,0,0,0,0,0.9754021829178423
549,0,0,0,0,1,0,0,0,1,0,0,0,0,1,0.9754021829178423
550,0,0,0,0,0,1,0,0,0,0,0,0,0,1,0.9754021829178423
551,0,1,0,0,0,0,0,0,0,0,0,0,0,0,0.9754021829178423
552,0,0,0,0,1,0,0,0,0,0,0,1,0,0,0.9754021829178423
553,0,0,0,0,1,0,1,0,0,0,0,1,0,0,0.9754021829178423
554,0,0,1,0,0,0,0,0,0,0,0,1,0,0,0.9754021829178423
555,0,1,0,0,0,0,1,0,0,0,0,1,0,0,0.9754021829178423
556,1,0,0,0,0,0,0,1,0,0,0,0,1,0,-0.5679722665709271
557,0,0,0,0,0,0,0,0,1,0,0,0,0,1,-0.5679722665709271
558,0,1,0,0,0,0,0,1,0,0,0,0,0,1,-0.5679722665709271
559,0,0,0,0,1,1,0,0,0,1,0,0,0,0,-0.5679722665709271
560,0,0,1,0,0,1,0,0,0,0,0,0,1,0,-0.5679722665709271
561,0,1,0,0,0,0,0,0,1,0,0,0,0,1,0.9754021829178423
562,0,0,0,1,0,0,1,0,0,0,1,0,0,0,0.9754021829178423
563,0,0,0,1,0,0,0,0,0,0,0,0,1,0,-0.5679722665709271
564,0,0,0,1,0,1,0,0,0,0,0,0,0,1,0.9754021829178423
565,1,0,0,0,0,0,1,0,0,0,0,0,1,0,-0.5679722665709271
566,1,0,0,0,0,0,0,1,0,0,0,0,0,1,0.9754021829178423
567,0,0,0,1,0,1,0,0,0,0,0,0,0,1,-0.5679722665709271
568,0,0,1,0,0,0,0,0,1,0,0,0,0,0,0.9754021829178423
569,0,1,0,0,0,0,0,0,0,0,0,1,0,0,0.9754021829178423
570,1,0,0,0,0,0,0,0,0,0,1,0,0,0,-0.5679722665709271
571,0,0,1,0,0,1,0,0,0,0,1,0,0,0,-1.2272671587252215
572,0,0,0,0,1,0,0,0,1,0,0,1,0,0,0.9754021829178423
573,0,0,0,1,0,0,0,1,0,1,0,0,0,0,-0.5679722665709271
574,0,0,0,0,0,0,1,0,0,0,0,0,0,0,-0.5679722665709271
575,0,0,0,0,0,1,0,0,0,0,1,0,0,0,-0.5679722665709271
576,0,0,1,0,0,0,0,0,0,1,0,0,0,0,-1.2272671587252215
577,0,0,0,1,0,0,0,0,1,0,0,0,0,1,0.9754021829178423
578,0,0,0,0,0,1,0,0,0,0,1,0,0,0,0.9754021829178423
579,0,0,0,0,0,0,0,0,0,0,1,0,0,0,-0.5679722665709271
580,1,0,0,0,0,0,0,1,0,1,0,0,0,0,0.9754021829178423
581,0,1,0,0,0,0,0,0,0,0,0,0,0,0,0.9754021829178423
582,1,0,0,0,0,0,0,0,0,0,0,1,0,0,-0.5679722665709271
583,1,0,0,0,0,0,0,0,1,1,0,0,0,0,-1.2272671587252215
584,0,1,0,0,0,1,0,0,0,0,0,1,0,0,-0.5679722665709271
585,0,0,1,0,0,1,0,0,0,1,0,0,0,0,-1.2272671587252215
586,0,0,0,0,0,0,0,0,0,0,0,0,0,0,0.9754021829178423
587,1,0,0,0,0,0,1,0,0,0,0,0,1,0,-0.5679722665709271
588,1,0,0,0,0,0,0,1,0,0,0,0,1,0,0.9754021829178423
589,1,0,0,0,0,0,0,1,0,0,0,1,0,0,-0.5679722665709271
590,0,0,0,0,0,0,0,0,1,0,0,0,0,0,0.9754021829178423
591,0,0,0,0,0,0,1,0,0,1,0,0,0,0,0.9754021829178423
592,1,0,0,0,0,0,0,0,0,1,0,0,0,0,-3.189937337676849
593,1,0,0,0,0,1,0,0,0,0,0,1,0,0,-0.5679722665709271
594,0,1,0,0,0,0,0,0,1,1,0,0,0,0,-0.5679722665709271
595,0,1,0,0,0,0,0,0,1,0,1,0,0,0,-3.189937337676849
596,0,0,0,0,0,1,0,0,0,0,0,1,0,0,0.9754021829178423
597,0,0,0,0,1,1,0,0,0,0,0,0,0,1,0.9754021829178423
598,0,0,0,0,1,0,0,0,0,0,0,0,1,0,0.9754021829178423
599,0,0,1,0,0,0,1,0,0,0,0,0,0,0,0.9754021829178423
600,0,0,0,0,0,1,0,0,0,0,1,0,0,0,-0.5679722665709271
601,0,0,0,0,1,1,0,0,0,0,0,0,0,0,0.9754021829178423
602,0,0,0,0,0,0,0,1,0,0,1,0,0,0,0.9754021829178423
603,1,0,0,0,0,0,0,1,0,0,0,0,0,0,0.9754021829178423
604,0,0,0,1,0,0,1,0,0,0,0,0,1,0,0.9754021829178423
605,0,1,0,0,0,0,0,1,0,0,0,0,0,0,-0.5679722665709271
606,0,0,0,1,0,0,1,0,0,0,0,0,0,0,-0.5679722665709271
607,0,0,1,0,0,0,0,0,0,0,0,0,0,1,-0.5679722665709271
608,0,0,0,0,0,0,0,0,1,0,0,0,0,0,0.9754021829178423
609,0,0,0,0,1,0,1,0,0,0,0,0,0,1,0.9754021829178423
610,0,0,1,0,0,0,0,0,0,0,1,0,0,0,0.9754021829178423
611,0,0,1,0,0,0,0,0,0,0,0,0,0,0,0.9754021829178423
612,1,0,0,0,0,0,0,1,0,0,0,0,0,0,0.9754021829178423
613,0,1,0,0,0,1,0,0,0,0,0,0,0,0,0.9754021829178423
614,0,0,0,0,0,0,0,0,0,0,0,1,0,0,0.9754021829178423
615,0,0,0,0,0,0,1,0,0,0,0,1,0,0,0.9754021829178423
616,0,1,0,0,0,0,0,0,1,0,0,1,0,0,0.9754021829178423
617,0,0,0,0,1,0,0,0,0,0,0,1,0,0,-1.2272671587252215
618,0,0,1,0,0,0,0,0,0,1,0,0,0,0,0.9754021829178423
619,0,0,0,1,0,0,1,0,0,0,1,0,0,0,0.9754021829178423
620,0,0,0,0,0,0,0,1,0,1,0,0,0,0,0.9754021829178423
621,1,0,0,0,0,0,0,0,1,1,0,0,0,0,0.9754021829178423
622,0,0,1,0,0,1,0,0,0,0,0,1,0,0,-0.5679722665709271
623,0,0,0,0,1,0,0,0,1,0,1,0,0,0,-1.2272671587252215
624,1,0,0,0,0,0,0,1,0,0,1,0,0,0,-0.5679722665709271
625,0,0,1,0,0,0,1,0,0,0,0,0,1,0,-0.5679722665709271
626,0,0,0,0,1,1,0,0,0,1,0,0,0,0,-0.5679722665709271
627,1,0,0,0,0,0,1,0,0,0,0,1,0,0,0.9754021829178423
628,1,0,0,0,0,0,0,0,1,0,0,0,0,1,0.9754021829178423
629,0,0,0,0,0,0,0,0,1,0,0,0,0,1,0.9754021829178423
630,0,1,0,0,0,1,0,0,0,0,1,0,0,0,0.9754021829178423
631,0,0,0,0,1,0,0,0,1,0,0,1,0,0,0.9754021829178423
632,0,1,0,0,0,0,0,1,0,0,1,0,0,0,0.9754021829178423
633,0,0,0,0,0,0,0,1,0,0,0,1,0,0,-3.189937337676849
634,0,0,0,0,0,0,1,0,0,0,0,0,0,0,-0.5679722665709271
635,0,1,0,0,0,1,0,0,0,1,0,0,0,0,-0.5679722665709271
636,0,0,0,1,0,0,0,0,0,1,0,0,0,0,0.9754021829178423
637,0,1,0,0,0,1,0,0,0,0,1,0,0,0,-0.5679722665709271
638,0,0,0,1,0,0,0,0,1,0,0,0,0,0,-0.5679722665709271
639,1,0,0,0,0,0,0,1,0,0,1,0,0,0,-0.5679722665709271
640,0,0,1,0,0,0,0,1,0,0,1,0,0,0,-0.5679722665709271
641,0,0,0,0,1,0,1,0,0,1,0,0,0,0,0.9754021829178423
642,0,0,0,0,1,0,1,0,0,0,0,0,1,0,0.9754021829178423
643,0,0,0,1,0,0,0,1,0,0,0,0,1,0,0.9754021829178423
644,0,0,1,0,0,0,0,0,0,0,1,0,0,0,-0.5679722665709271
645,0,0,0,0,1,0,0,0,0,0,1,0,0,0,-0.5679722665709271
646,0,0,0,1,0,0,1,0,0,0,1,0,0,0,-0.5679722665709271
647,0,0,0,0,0,0,1,0,0,0,0,0,0,1,-0.5679722665709271
648,0,0,0,0,0,0,0,0,0,0,0,0,0,0,0.9754021829178423
649,1,0,0,0,0,0,0,0,0,1,0,0,0,0,-0.5679722665709271
650,1,0,0,0,0,0,0,0,1,0,0,0,0,1,0.9754021829178423
651,0,1,0,0,0,0,0,0,0,0,0,0,0,0,-1.2272671587252215
652,0,0,0,0,1,0,0,0,0,0,0,0,0,1,-0.5679722665709271
653,1,0,0,0,0,0,0,0,0,0,0,0,0,1,0.9754021829178423
654,0,1,0,0,0,0,0,0,0,1,0,0,0,0,0.9754021829178423
655,0,0,1,0,0,0,0,1,0,0,1,0,0,0,-0.5679722665709271
656,0,0,0,0,0,0,0,0,1,1,0,0,0,0,0.9754021829178423
657,0,0,1,0,0,1,0,0,0,0,1,0,0,0,0.9754021829178423
658,0,0,0,1,0,0,1,0,0,0,0,1,0,0,-0.5679722665709271
659,0,0,1,0,0,0,0,1,0,0,0,0,1,0,-0.5679722665709271
660,0,0,1,0,0,0,0,0,0,0,0,1,0,0,0.9754021829178423
661,0,0,0,0,0,1,0,0,0,0,0,0,1,0,-0.5679722665709271
662,0,0,0,0,1,0,0,1,0,0,0,0,0,0,-1.2272671587252215
663,1,0,0,0,0,0,1,0,0,0,0,0,0,1,-0.5679722665709271
664,1,0,0,0,0,0,1,0,0,0,0,0,0,0,-1.2272671587252215
665,0,0,0,0,0,0,0,0,1,0,0,0,1,0,0.9754021829178423
666,0,0,1,0,0,0,0,1,0,0,0,1,0,0,0.9754021829178423
667,0,0,0,1,0,0,1,0,0,0,0,0,0,1,-0.5679722665709271
668,0,1,0,0,0,0,0,0,1,1,0,0,0,0,-0.5679722665709271
669,0,0,1,0,0,0,0,0,1,0,0,0,0,0,0.9754021829178423
670,0,0,0,0,1,0,0,1,0,0,0,0,1,0,-0.5679722665709271
671,0,0,0,0,0,0,0,1,0,0,0,0,0,0,-0.5679722665709271
672,0,0,0,1,0,1,0,0,0,0,0,0,0,0,-0.5679722665709271
673,0,0,0,1,0,0,0,0,0,0,0,1,0,0,0.9754021829178423
674,0,1,0,0,0,0,0,1,0,0,0,1,0,0,0.9754021829178423
675,0,1,0,0,0,0,1,0,0,0,0,0,1,0,-0.5679722665709271
676,0,1,0,0,0,1,0,0,0,1,0,0,0,0,-0.5679722665709271
677,0,0,0,0,0,1,0,0,0,0,0,1,0,0,-0.5679722665709271
678,0,0,0,0,0,1,0,0,0,0,0,0,1,0,0.9754021829178423
679,0,0,1,0,0,0,0,1,0,0,1,0,0,0,-0.5679722665709271
680,1,0,0,0,0,0,0,1,0,0,1,0,0,0,-0.5679722665709271
681,0,0,0,1,0,0,0,0,0,0,0,1,0,0,-0.5679722665709271
682,0,0,0,1,0,1,0,0,0,1,0,0,0,0,-3.189937337676849
683,0,0,0,1,0,0,1,0,0,0,1,0,0,0,0.9754021829178423
684,0,0,1,0,0,0,0,1,0,0,0,0,1,0,0.9754021829178423
685,0,1,0,0,0,0,1,0,0,1,0,0,0,0,-0.5679722665709271
686,1,0,0,0,0,1,0,0,0,1,0,0,0,0,-3.189937337676849
687,0,0,0,0,0,0,0,1,0,0,0,0,0,1,-0.5679722665709271
688,1,0,0,0,0,0,0,0,0,0,0,0,0,0,-0.5679722665709271
689,0,0,1,0,0,0,1,0,0,0,0,1,0,0,-0.5679722665709271
690,0,0,1,0,0,1,0,0,0,0,0,0,0,1,-0.5679722665709271
691,0,0,1,0,0,0,0,1,0,1,0,0,0,0,0.9754021829178423
692,1,0,0,0,0,0,0,1,0,0,0,0,1,0,-0.5679722665709271
693,0,0,0,0,0,1,0,0,0,0,0,1,0,0,0.9754021829178423
694,0,0,1,0,0,1,0,0,0,0,0,1,0,0,0.9754021829178423
695,0,0,0,0,1,1,0,0,0,0,1,0,0,0,0.9754021829178423
696,0,0,0,0,1,1,0,0,0,1,0,0,0,0,0.9754021829178423
697,0,0,1,0,0,0,0,1,0,0,0,1,0,0,0.9754021829178423
698,0,0,0,0,0,0,0,1,0,0,0,0,0,1,0.9754021829178423
699,0,1,0,0,0,0,0,0,0,1,0,0,0,0,0.9754021829178423
700,0,0,1,0,0,0,0,0,0,0,0,0,0,1,0.9754021829178423
701,0,0,0,0,1,0,0,0,1,0,1,0,0,0,-0.5679722665709271
702,0,0,0,0,1,0,0,0,0,0,0,0,0,1,0.9754021829178423
703,0,0,0,1,0,0,0,1,0,0,0,0,1,0,-0.5679722665709271
704,0,1,0,0,0,0,1,0,0,0,0,0,1,0,0.9754021829178423
705,0,0,1,0,0,0,1,0,0,0,0,0,0,1,-0.5679722665709271
706,0,0,0,0,1,0,0,1,0,1,0,0,0,0,0.9754021829178423
707,0,0,0,1,0,0,0,0,0,0,0,1,0,0,0.9754021829178423
708,0,0,0,0,1,0,0,0,1,0,1,0,0,0,0.9754021829178423
709,0,0,1,0,0,0,0,0,1,0,0,0,0,0,-0.5679722665709271
710,0,0,1,0,0,0,0,0,1,0,1,0,0,0,0.9754021829178423
711,0,0,1,0,0,0,1,0,0,0,0,0,0,0,0.9754021829178423
712,0,0,0,0,1,0,0,1,0,0,0,0,0,1,-0.5679722665709271
713,0,0,0,0,0,0,0,1,0,0,0,1,0,0,-0.5679722665709271
714,0,0,0,0,0,0,0,0,0,0,0,0,0,0,0.9754021829178423
715,0,1,0,0,0,0,0,1,0,0,0,1,0,0,0.9754021829178423
716,0,0,0,1,0,0,0,1,0,0,0,1,0,0,-1.2272671587252215
717,0,0,0,0,1,1,0,0,0,0,0,0,0,0,-0.5679722665709271
718,0,0,0,0,1,0,0,1,0,1,0,0,0,0,0.9754021829178423
719,0,0,0,1,0,0,0,1,0,1,0,0,0,0,-0.5679722665709271
720,0,1,0,0,0,1,0,0,0,0,0,1,0,0,-0.5679722665709271
721,0,0,0,0,0,1,0,0,0,0,0,0,0,0,-3.189937337676849
722,0,0,1,0,0,0,1,0,0,0,0,0,0,1,-0.5679722665709271
723,0,0,0,0,1,0,0,1,0,0,1,0,0,0,-0.5679722665709271
724,0,0,1,0,0,0,0,0,1,0,1,0,0,0,-1.2272671587252215
725,1,0,0,0,0,0,0,0,0,0,0,0,1,0,-0.5679722665709271
726,1,0,0,0,0,0,0,0,0,1,0,0,0,0,-0.5679722665709271
727,0,0,0,0,1,0,0,0,0,0,1,0,0,0,-0.5679722665709271
728,0,0,0,0,0,0,0,1,0,0,0,0,1,0,-0.5679722665709271
729,0,0,0,1,0,1,0,0,0,1,0,0,0,0,-0.5679722665709271
730,0,0,0,0,1,0,0,0,1,0,0,1,0,0,-0.5679722665709271
731,0,0,1,0,0,0,1,0,0,0,0,0,0,0,0.9754021829178423
732,1,0,0,0,0,0,0,1,0,0,0,1,0,0,-0.5679722665709271
733,0,0,0,1,0,0,1,0,0,0,0,0,0,1,-0.5679722665709271
734,0,0,0,1,0,0,1,0,0,0,0,1,0,0,-0.5679722665709271
735,0,0,0,1,0,0,1,0,0,0,0,1,0,0,0.9754021829178423
736,0,0,0,1,0,0,1,0,0,1,0,0,0,0,-0.5679722665709271
737,0,0,0,0,1,0,0,0,0,0,0,1,0,0,-0.5679722665709271
738,0,0,0,0,0,0,1,0,0,0,0,1,0,0,-0.5679722665709271
739,0,0,1,0,0,1,0,0,0,0,0,1,0,0,-0.5679722665709271
740,0,0,0,0,0,0,0,0,0,0,0,0,1,0,-3.189937337676849
741,0,0,0,0,0,0,0,1,0,0,1,0,0,0,0.9754021829178423
742,0,1,0,0,0,0,0,0,0,1,0,0,0,0,-1.2272671587252215
743,0,1,0,0,0,0,1,0,0,1,0,0,0,0,-0.5679722665709271
744,0,0,0,1,0,0,0,1,0,0,0,0,0,1,-0.5679722665709271
745,0,0,0,0,0,1,0,0,0,1,0,0,0,0,-0.5679722665709271
746,1,0,0,0,0,0,0,1,0,0,0,1,0,0,-0.5679722665709271
747,0,1,0,0,0,0,1,0,0,0,0,0,0,0,0.9754021829178423
748,0,1,0,0,0,1,0,0,0,0,0,0,0,1,-0.5679722665709271
749,0,0,0,0,0,0,0,0,1,0,0,1,0,0,-0.5679722665709271
750,0,0,0,1,0,0,0,0,1,0,0,0,0,0,0.9754021829178423
751,0,0,0,1,0,0,0,0,0,0,0,0,0,1,-0.5679722665709271
752,0,0,1,0,0,0,0,0,0,0,0,1,0,0,0.9754021829178423
753,0,0,1,0,0,0,0,0,1,1,0,0,0,0,-0.5679722665709271
754,0,0,0,0,0,0,0,1,0,0,0,0,0,0,-1.2272671587252215
755,0,0,1,0,0,0,1,0,0,0,1,0,0,0,0.9754021829178423
756,0,0,0,0,1,0,0,0,0,0,0,0,0,1,0.9754021829178423
757,1,0,0,0,0,1,0,0,0,0,0,1,0,0,-0.5679722665709271
758,0,1,0,0,0,1,0,0,0,0,0,0,0,1,-0.5679722665709271
759,0,0,0,0,1,0,0,0,0,0,1,0,0,0,-0.5679722665709271
760,0,0,0,0,1,0,0,0,0,0,1,0,0,0,-0.5679722665709271
761,0,0,0,0,1,0,0,0,1,0,1,0,0,0,-0.5679722665709271
762,0,0,1,0,0,1,0,0,0,0,0,0,1,0,-0.5679722665709271
763,0,0,0,0,1,0,1,0,0,1,0,0,0,0,0.9754021829178423
764,0,0,0,0,0,0,0,0,0,0,0,0,0,0,0.9754021829178423
765,1,0,0,0,0,0,0,0,0,0,0,1,0,0,0.9754021829178423
766,0,0,0,0,1,0,0,0,1,0,0,0,1,0,0.9754021829178423
767,1,0,0,0,0,0,0,1,0,0,0,0,0,0,-0.5679722665709271
768,1,0,0,0,0,0,0,0,0,0,0,1,0,0,0.9754021829178423
769,0,0,0,0,1,0,0,0,1,0,0,1,0,0,0.9754021829178423
770,1,0,0,0,0,0,0,0,0,1,0,0,0,0,0.9754021829178423
771,0,0,1,0,0,1,0,0,0,0,0,0,1,0,-3.189937337676849
772,0,0,0,1,0,0,0,0,1,0,1,0,0,0,0.9754021829178423
773,0,1,0,0,0,0,1,0,0,1,0,0,0,0,-0.5679722665709271
774,0,0,0,0,1,0,0,0,0,0,0,0,0,0,-0.5679722665709271
775,0,0,1,0,0,0,1,0,0,1,0,0,0,0,0.9754021829178423
776,1,0,0,0,0,0,0,0,1,0,0,0,0,0,0.9754021829178423
777,0,0,0,0,1,0,0,0,1,0,0,0,0,0,0.9754021829178423
778,1,0,0,0,0,1,0,0,0,0,1,0,0,0,-0.5679722665709271
779,0,1,0,0,0,0,0,1,0,0,0,0,0,0,0.9754021829178423
780,0,0,0,0,0,1,0,0,0,0,0,1,0,0,-0.5679722665709271
781,0,1,0,0,0,1,0,0,0,0,0,0,0,0,-0.5679722665709271
782,0,0,0,0,0,0,1,0,0,1,0,0,0,0,-3.189937337676849
783,0,0,0,0,0,0,0,0,1,0,0,0,0,0,0.9754021829178423
784,0,0,1,0,0,0,1,0,0,0,0,0,0,0,0.9754021829178423
785,0,0,0,0,1,0,1,0,0,1,0,0,0,0,-0.5679722665709271
786,1,0,0,0,0,0,1,0,0,0,0,1,0,0,-0.5679722665709271
787,0,1,0,0,0,0,0,0,0,0,0,0,0,0,0.9754021829178423
788,0,1,0,0,0,1,0,0,0,0,0,0,0,1,0.9754021829178423
789,0,0,0,1,0,0,1,0,0,0,1,0,0,0,-0.5679722665709271
790,0,0,0,1,0,1,0,0,0,0,0,0,0,1,-0.5679722665709271
791,0,1,0,0,0,1,0,0,0,0,0,0,1,0,-0.5679722665709271
792,0,0,1,0,0,0,0,1,0,0,0,0,1,0,-0.5679722665709271
793,0,1,0,0,0,0,0,0,1,0,0,0,1,0,-3.189937337676849
794,0,0,0,0,0,0,0,0,1,0,1,0,0,0,-0.5679722665709271
795,0,0,0,0,0,0,0,0,1,1,0,0,0,0,0.9754021829178423
796,0,0,0,1,0,1,0,0,0,0,0,0,0,1,-0.5679722665709271
797,0,1,0,0,0,0,0,0,1,1,0,0,0,0,-0.5679722665709271
798,0,1,0,0,0,0,1,0,0,1,0,0,0,0,0.9754021829178423
799,0,0,0,0,1,0,0,1,0,0,0,0,0,1,0.9754021829178423
800,0,0,0,0,1,0,0,0,1,0,0,0,0,0,-0.5679722665709271
801,0,1,0,0,0,0,0,1,0,0,0,1,0,0,0.9754021829178423
802,1,0,0,0,0,0,1,0,0,0,0,1,0,0,0.044388515544882864
803,0,0,1,0,0,0,0,0,1,0,0,0,0,0,0.9754021829178423
804,1,0,0,0,0,0,0,0,0,1,0,0,0,0,0.07900183632497017
805,1,0,0,0,0,0,0,0,0,0,0,1,0,0,0.9754021829178423
806,0,1,0,0,0,1,0,0,0,0,1,0,0,0,-0.5679722665709271
807,0,0,0,0,0,0,0,0,1,0,0,0,1,0,0.9754021829178423
808,1,0,0,0,0,0,0,1,0,0,0,0,0,0,-0.5679722665709271
809,1,0,0,0,0,0,0,0,0,0,0,0,0,1,0.46681015785077135
810,0,0,1,0,0,0,0,0,0,0,0,0,0,0,0.9754021829178423
811,0,0,1,0,0,0,0,1,0,0,0,0,0,0,0.9754021829178423
