BEGIN TRANSACTION;
CREATE TABLE IF NOT EXISTS "Artist" (
	"id"	INTEGER NOT NULL UNIQUE,
	"name"	TEXT UNIQUE,
	PRIMARY KEY("id" AUTOINCREMENT)
);
CREATE TABLE IF NOT EXISTS "Genre" (
	"id"	INTEGER NOT NULL UNIQUE,
	"name"	TEXT UNIQUE,
	PRIMARY KEY("id" AUTOINCREMENT)
);
CREATE TABLE IF NOT EXISTS "Album" (
	"id"	INTEGER NOT NULL UNIQUE,
	"artist_id"	INTEGER,
	"title"	TEXT UNIQUE,
	PRIMARY KEY("id" AUTOINCREMENT)
);
CREATE TABLE IF NOT EXISTS "Track" (
	"id"	INTEGER NOT NULL UNIQUE,
	"title"	TEXT UNIQUE,
	"album_id"	INTEGER,
	"genre_id"	INTEGER,
	"len"	INTEGER,
	"rating"	INTEGER,
	"count"	INTEGER,
	PRIMARY KEY("id" AUTOINCREMENT)
);
INSERT INTO "Artist" VALUES (1,'Queen');
INSERT INTO "Artist" VALUES (2,'Rammstein');
INSERT INTO "Artist" VALUES (3,'Various');
INSERT INTO "Artist" VALUES (4,'Led Zeppelin');
INSERT INTO "Artist" VALUES (5,'Pink Floyd');
INSERT INTO "Artist" VALUES (6,'Bryan Lee');
INSERT INTO "Artist" VALUES (9,'Black Sabbath');
INSERT INTO "Artist" VALUES (11,'AC/DC');
INSERT INTO "Artist" VALUES (13,'Rob Dougan');
INSERT INTO "Artist" VALUES (23,'Frank Sinatra');
INSERT INTO "Artist" VALUES (31,'America');
INSERT INTO "Artist" VALUES (55,'Billy Price');
INSERT INTO "Artist" VALUES (58,'The Canettes Blues Band');
INSERT INTO "Artist" VALUES (72,'Fluke');
INSERT INTO "Artist" VALUES (86,'The Who');
INSERT INTO "Artist" VALUES (95,'Johnny Cash');
INSERT INTO "Artist" VALUES (103,'Selah');
INSERT INTO "Artist" VALUES (118,'Matt Ender');
INSERT INTO "Artist" VALUES (119,'Steve McDonald');
INSERT INTO "Artist" VALUES (120,'Altan');
INSERT INTO "Artist" VALUES (121,'Chris Spheeris');
INSERT INTO "Artist" VALUES (122,'La Esperanza');
INSERT INTO "Artist" VALUES (123,'Luis Villegas');
INSERT INTO "Artist" VALUES (124,'Rosa Passos');
INSERT INTO "Artist" VALUES (125,'Energipsy');
INSERT INTO "Artist" VALUES (126,'Hollie Smith');
INSERT INTO "Artist" VALUES (127,'Joanie Madden');
INSERT INTO "Artist" VALUES (128,'Cusco');
INSERT INTO "Artist" VALUES (129,'Cheryl Gunn');
INSERT INTO "Artist" VALUES (130,'Dean Everson');
INSERT INTO "Artist" VALUES (131,'Jeff Bailey');
INSERT INTO "Artist" VALUES (132,'Kaiser Chiefs');
INSERT INTO "Artist" VALUES (147,'James Surowiecki');
INSERT INTO "Artist" VALUES (155,'David Osborne');
INSERT INTO "Artist" VALUES (169,'Fairly Legal');
INSERT INTO "Artist" VALUES (170,'The Postal Service');
INSERT INTO "Artist" VALUES (171,'Bing Crosby');
INSERT INTO "Artist" VALUES (183,'Disturbed');
INSERT INTO "Artist" VALUES (195,'Recording by Dr. Chuck');
INSERT INTO "Artist" VALUES (196,'IEEE Computer Society');
INSERT INTO "Artist" VALUES (229,'Jim Croce');
INSERT INTO "Artist" VALUES (233,'Created by Sakai');
INSERT INTO "Artist" VALUES (249,'Matt Pasiewicz');
INSERT INTO "Artist" VALUES (279,'Undercover Boss');
INSERT INTO "Artist" VALUES (280,'U2');
INSERT INTO "Artist" VALUES (281,'The Black Crowes');
INSERT INTO "Artist" VALUES (295,'Onion News Network');
INSERT INTO "Artist" VALUES (302,'Jason Farnham');
INSERT INTO "Genre" VALUES (1,'Rock');
INSERT INTO "Genre" VALUES (2,'Industrial');
INSERT INTO "Genre" VALUES (3,'Soundtrack');
INSERT INTO "Genre" VALUES (6,'Funk');
INSERT INTO "Genre" VALUES (9,'Metal');
INSERT INTO "Genre" VALUES (14,'Blues/R&B');
INSERT INTO "Genre" VALUES (23,'Easy Listening');
INSERT INTO "Genre" VALUES (95,'Country');
INSERT INTO "Genre" VALUES (103,'Gospel & Religious');
INSERT INTO "Genre" VALUES (118,'New Age');
INSERT INTO "Genre" VALUES (131,'Jazz');
INSERT INTO "Genre" VALUES (132,'Alternative & Punk');
INSERT INTO "Genre" VALUES (147,'Business');
INSERT INTO "Genre" VALUES (150,'Nonfiction');
INSERT INTO "Genre" VALUES (155,'Classical');
INSERT INTO "Genre" VALUES (169,'Drama');
INSERT INTO "Genre" VALUES (170,'Electronic');
INSERT INTO "Genre" VALUES (171,'Holiday');
INSERT INTO "Genre" VALUES (183,'Alternative');
INSERT INTO "Genre" VALUES (195,'Podcast');
INSERT INTO "Genre" VALUES (229,'Folk');
INSERT INTO "Genre" VALUES (249,'Speech');
INSERT INTO "Genre" VALUES (279,'Reality TV');
INSERT INTO "Genre" VALUES (295,'Comedy');
INSERT INTO "Genre" VALUES (302,'Dance & Electronic');
INSERT INTO "Album" VALUES (1,1,'Greatest Hits');
INSERT INTO "Album" VALUES (2,2,'Herzeleid');
INSERT INTO "Album" VALUES (3,3,'Grease');
INSERT INTO "Album" VALUES (4,4,'IV');
INSERT INTO "Album" VALUES (5,5,'The Wall [Disc 2]');
INSERT INTO "Album" VALUES (6,6,'Blues Is');
INSERT INTO "Album" VALUES (9,9,'Paranoid');
INSERT INTO "Album" VALUES (11,11,'Who Made Who');
INSERT INTO "Album" VALUES (13,13,'The Matrix Reloaded');
INSERT INTO "Album" VALUES (55,55,'Danger Zone');
INSERT INTO "Album" VALUES (58,58,'Self Titled');
INSERT INTO "Album" VALUES (86,86,'Who''s Next');
INSERT INTO "Album" VALUES (95,95,'The Legend Of Johnny Cash');
INSERT INTO "Album" VALUES (103,103,'Hiding Place');
INSERT INTO "Album" VALUES (104,58,'On Tap & In the Can');
INSERT INTO "Album" VALUES (118,118,'Natural Wonders Music Sampler 1999');
INSERT INTO "Album" VALUES (131,131,'Relaxing Jazz');
INSERT INTO "Album" VALUES (132,132,'Yours Truly, Angry Mob');
INSERT INTO "Album" VALUES (147,147,'The Wisdom of Crowds: Why the Many Are Smarter than the Few (Abridged Nonfiction)');
INSERT INTO "Album" VALUES (150,147,'The Wisdom of Crowds: Why the Many Are Smarter Than the Few (Unabridged)');
INSERT INTO "Album" VALUES (155,155,'Moonlight And Love Songs');
INSERT INTO "Album" VALUES (169,169,'Fairly Legal, Season 1');
INSERT INTO "Album" VALUES (170,170,'unreleased demo');
INSERT INTO "Album" VALUES (171,171,'Seasons Greatings');
INSERT INTO "Album" VALUES (183,183,'The Sickness');
INSERT INTO "Album" VALUES (195,195,'Python for Informatics''s official Podcast.');
INSERT INTO "Album" VALUES (196,196,'Computing Conversations');
INSERT INTO "Album" VALUES (229,229,'Classic Hits');
INSERT INTO "Album" VALUES (233,233,'SI 664 W14''s official Podcast.');
INSERT INTO "Album" VALUES (249,249,'CNI Event Coverage');
INSERT INTO "Album" VALUES (279,279,'Undercover Boss, Season 1');
INSERT INTO "Album" VALUES (280,280,'Songs of Innocence');
INSERT INTO "Album" VALUES (281,281,'Warpaint');
INSERT INTO "Album" VALUES (295,295,'Onion News Network, Season 1');
INSERT INTO "Album" VALUES (301,279,'Undercover Boss, Season 2');
INSERT INTO "Album" VALUES (302,302,'YouTube Audio Library');
INSERT INTO "Track" VALUES (1,'Another One Bites The Dust',1,1,217103,100,55);
INSERT INTO "Track" VALUES (2,'Asche Zu Asche',2,2,231810,100,79);
INSERT INTO "Track" VALUES (3,'Beauty School Dropout',3,3,239960,100,48);
INSERT INTO "Track" VALUES (4,'Black Dog',4,1,296620,100,109);
INSERT INTO "Track" VALUES (5,'Bring The Boys Back Home',5,1,87118,100,33);
INSERT INTO "Track" VALUES (6,'Circles',6,6,355369,60,54);
INSERT INTO "Track" VALUES (7,'Comfortably Numb',5,1,384130,100,36);
INSERT INTO "Track" VALUES (8,'Crazy Little Thing Called Love',1,1,163631,100,38);
INSERT INTO "Track" VALUES (9,'Electric Funeral',9,9,293015,100,44);
INSERT INTO "Track" VALUES (10,'Fat Bottomed Girls',1,1,257515,100,38);
INSERT INTO "Track" VALUES (11,'For Those About To Rock (We Salute You)',11,1,353750,100,84);
INSERT INTO "Track" VALUES (12,'Four Sticks',4,1,284421,100,84);
INSERT INTO "Track" VALUES (13,'Furious Angels',13,3,330004,100,54);
INSERT INTO "Track" VALUES (14,'Gelle',6,14,199836,60,45);
INSERT INTO "Track" VALUES (15,'Going To California',4,1,215666,100,100);
INSERT INTO "Track" VALUES (16,'Grease',3,3,205792,100,42);
INSERT INTO "Track" VALUES (17,'Hand of Doom',9,9,429609,100,36);
INSERT INTO "Track" VALUES (18,'Hells Bells',11,1,312946,100,82);
INSERT INTO "Track" VALUES (19,'Hey You',5,1,282305,100,23);
INSERT INTO "Track" VALUES (20,'I Worry',6,14,341315,100,33);
INSERT INTO "Track" VALUES (21,'Iron Man',9,9,358530,100,39);
INSERT INTO "Track" VALUES (22,'Is There Anybody Out There?',5,1,160679,100,26);
INSERT INTO "Track" VALUES (23,'It was a Very Good Year',1,23,268852,100,39);
INSERT INTO "Track" VALUES (24,'Its Your Move',6,14,245002,100,40);
INSERT INTO "Track" VALUES (25,'Jack the Stripper/Fairies Wear Boots',9,9,373995,100,35);
INSERT INTO "Track" VALUES (26,'Killer Queen',1,1,181368,100,34);
INSERT INTO "Track" VALUES (27,'Laichzeit',2,2,262844,100,41);
INSERT INTO "Track" VALUES (28,'Let me Down Easy',6,14,331441,100,43);
INSERT INTO "Track" VALUES (29,'Misty Mountain Hop',4,1,278831,100,88);
INSERT INTO "Track" VALUES (30,'No Low Down',6,14,245760,100,39);
INSERT INTO "Track" VALUES (31,'Now You Are Gone',1,23,187559,100,52);
INSERT INTO "Track" VALUES (32,'Outside The Wall',5,1,104437,100,16);
INSERT INTO "Track" VALUES (33,'Paranoid',9,9,172930,100,36);
INSERT INTO "Track" VALUES (34,'Planet Caravan',9,9,274938,100,38);
INSERT INTO "Track" VALUES (35,'Pretty Jeanie',6,14,225175,100,34);
INSERT INTO "Track" VALUES (36,'Rammstein',2,2,265090,100,45);
INSERT INTO "Track" VALUES (37,'Rat Salad',9,9,150230,100,46);
INSERT INTO "Track" VALUES (38,'Rock & Roll',4,1,220891,100,109);
INSERT INTO "Track" VALUES (39,'Rode Across the Desert',1,23,249887,100,60);
INSERT INTO "Track" VALUES (40,'Sandy',3,3,155742,100,36);
INSERT INTO "Track" VALUES (41,'Shake Your Foundations',11,1,233769,100,85);
INSERT INTO "Track" VALUES (42,'Sister Golden Hair',1,23,202057,100,60);
INSERT INTO "Track" VALUES (43,'Somebody To Love',1,1,297586,100,17);
INSERT INTO "Track" VALUES (44,'Stairway To Heaven',4,1,481567,100,93);
INSERT INTO "Track" VALUES (45,'Strangers in the Night',1,23,158484,100,42);
INSERT INTO "Track" VALUES (46,'Summer Nights',3,3,216973,100,35);
INSERT INTO "Track" VALUES (47,'Summer Wind',1,23,177554,100,46);
INSERT INTO "Track" VALUES (48,'Thats Life',1,23,189988,100,43);
INSERT INTO "Track" VALUES (49,'The Battle Of Evermore',4,1,351529,100,110);
INSERT INTO "Track" VALUES (50,'The Blues "Is"',6,14,252238,100,45);
INSERT INTO "Track" VALUES (51,'There it Is',6,14,395441,100,35);
INSERT INTO "Track" VALUES (52,'Think',6,14,320339,100,41);
INSERT INTO "Track" VALUES (53,'This Town',1,23,185051,100,44);
INSERT INTO "Track" VALUES (54,'Tin Man',1,23,210076,100,50);
INSERT INTO "Track" VALUES (55,'Track 01',55,14,261825,100,47);
INSERT INTO "Track" VALUES (56,'Track 02',55,14,165459,100,42);
INSERT INTO "Track" VALUES (57,'Track 03',55,14,206471,100,41);
INSERT INTO "Track" VALUES (58,'Messin with the Kid',58,14,226377,100,23);
INSERT INTO "Track" VALUES (59,'Track 04',55,14,257175,100,37);
INSERT INTO "Track" VALUES (60,'Stormy Monday',58,14,464143,100,29);
INSERT INTO "Track" VALUES (61,'Track 05',55,14,230295,100,42);
INSERT INTO "Track" VALUES (62,'Waiting on Ice',6,14,289384,100,37);
INSERT INTO "Track" VALUES (63,'War Pigs/Luke''s Wall',9,9,478197,100,38);
INSERT INTO "Track" VALUES (64,'We Are The Champions',1,1,181864,100,24);
INSERT INTO "Track" VALUES (65,'We Will Rock You',1,1,123559,100,33);
INSERT INTO "Track" VALUES (66,'When Somebody Loves You',1,23,117263,100,43);
INSERT INTO "Track" VALUES (67,'When The Levee Breaks',4,1,427624,100,83);
INSERT INTO "Track" VALUES (68,'You are the One that I Want',3,3,169900,100,31);
INSERT INTO "Track" VALUES (69,'You Done Me Wrong',6,14,200097,100,35);
INSERT INTO "Track" VALUES (70,'You Shook Me All Night Long',11,1,210938,100,92);
INSERT INTO "Track" VALUES (71,'You''re My Best Friend',1,1,172643,100,31);
INSERT INTO "Track" VALUES (72,'Zion',13,3,273528,100,47);
INSERT INTO "Track" VALUES (73,'Who Made Who',11,1,207203,100,110);
INSERT INTO "Track" VALUES (74,'D.T.',11,1,173714,NULL,90);
INSERT INTO "Track" VALUES (75,'Sink the Pink',11,1,253466,NULL,83);
INSERT INTO "Track" VALUES (76,'Ride On',11,1,351268,NULL,75);
INSERT INTO "Track" VALUES (77,'Chase the Ace',11,1,181420,NULL,93);
INSERT INTO "Track" VALUES (78,'Wollt Ihr Das Bett In Flammen Sehen',2,2,317387,NULL,50);
INSERT INTO "Track" VALUES (79,'Der Meister',2,2,250801,NULL,46);
INSERT INTO "Track" VALUES (80,'Weisses Fleisch',2,2,215902,NULL,52);
INSERT INTO "Track" VALUES (81,'Seemann',2,2,288235,NULL,34);
INSERT INTO "Track" VALUES (82,'Du Riechst So Gut',2,2,289332,NULL,50);
INSERT INTO "Track" VALUES (83,'Das Alte Leid',2,2,344581,NULL,46);
INSERT INTO "Track" VALUES (84,'Heirate Mich',2,2,284734,NULL,39);
INSERT INTO "Track" VALUES (85,'Herzeleid',2,2,223425,NULL,42);
INSERT INTO "Track" VALUES (86,'Baba O''Riley',86,1,298448,NULL,45);
INSERT INTO "Track" VALUES (87,'Bargain',86,1,331676,NULL,37);
INSERT INTO "Track" VALUES (88,'Love Ain''t for Keeping',86,1,130560,NULL,24);
INSERT INTO "Track" VALUES (89,'My Wife',86,1,213786,NULL,17);
INSERT INTO "Track" VALUES (90,'The Song Is Over',86,1,375797,NULL,14);
INSERT INTO "Track" VALUES (91,'Getting In Tune',86,1,288809,NULL,27);
INSERT INTO "Track" VALUES (92,'Going Mobile',86,1,221910,100,28);
INSERT INTO "Track" VALUES (93,'Behind Blue Eyes',86,1,221570,NULL,43);
INSERT INTO "Track" VALUES (94,'Won''t Get Fooled Again',86,1,511111,NULL,21);
INSERT INTO "Track" VALUES (95,'Folsom Prison Blues',95,95,170004,100,47);
INSERT INTO "Track" VALUES (96,'I Walk The Line',95,95,165720,100,33);
INSERT INTO "Track" VALUES (97,'Get Rhythm',95,95,134530,100,35);
INSERT INTO "Track" VALUES (98,'Big River',95,95,152711,NULL,51);
INSERT INTO "Track" VALUES (99,'Guess Things Happen That Way',95,95,111386,NULL,35);
INSERT INTO "Track" VALUES (100,'Ring Of Fire',95,95,157100,100,30);
INSERT INTO "Track" VALUES (101,'Jackson',95,95,166530,100,35);
INSERT INTO "Track" VALUES (102,'A Boy Named Sue (live)',95,95,226063,NULL,37);
INSERT INTO "Track" VALUES (103,'You Raise Me Up',103,103,302262,NULL,9);
INSERT INTO "Track" VALUES (104,'Hold On, I''m Coming',104,14,282566,100,34);
INSERT INTO "Track" VALUES (105,'Got my Mojo Working',104,14,310517,100,52);
INSERT INTO "Track" VALUES (106,'Sweet Home Chicago',104,14,375849,100,27);
INSERT INTO "Track" VALUES (107,'Heavy Love',104,14,253544,100,28);
INSERT INTO "Track" VALUES (108,'Cold Cold Feeling',104,14,261929,100,43);
INSERT INTO "Track" VALUES (109,'Lonely Avenue',104,14,292022,100,24);
INSERT INTO "Track" VALUES (110,'Good Morning Little Schoolgirl',104,14,278648,100,20);
INSERT INTO "Track" VALUES (111,'Dust My Broom',104,14,299311,100,24);
INSERT INTO "Track" VALUES (112,'Gimme'' Some Lovin',104,14,227239,100,35);
INSERT INTO "Track" VALUES (113,'Everybody Needs Somebody to Love',104,14,195186,100,24);
INSERT INTO "Track" VALUES (114,'Black Magic Woman',104,14,442644,100,31);
INSERT INTO "Track" VALUES (115,'Steppin'' Rooster',104,14,704862,100,21);
INSERT INTO "Track" VALUES (116,'Our Love is Drifting',104,14,292649,100,15);
INSERT INTO "Track" VALUES (117,'Doin'' 100',104,14,343980,100,20);
INSERT INTO "Track" VALUES (118,'Mother Joy',118,118,287294,NULL,463);
INSERT INTO "Track" VALUES (119,'Soldier''s Lament',118,118,347193,NULL,371);
INSERT INTO "Track" VALUES (120,'Dulaman',118,118,223007,NULL,403);
INSERT INTO "Track" VALUES (121,'The Arrow',118,118,319869,NULL,416);
INSERT INTO "Track" VALUES (122,'Spanish Eyes',118,118,259030,NULL,375);
INSERT INTO "Track" VALUES (123,'Banana Bay',118,118,198060,NULL,403);
INSERT INTO "Track" VALUES (124,'Aguas De Marco',118,118,179408,NULL,407);
INSERT INTO "Track" VALUES (125,'Tamborea',118,118,235389,NULL,355);
INSERT INTO "Track" VALUES (126,'Gone',118,118,196414,NULL,362);
INSERT INTO "Track" VALUES (127,'The Immigrant',118,118,362631,NULL,350);
INSERT INTO "Track" VALUES (128,'Pahrump-Big Water',118,118,191634,NULL,342);
INSERT INTO "Track" VALUES (129,'Seeker''s Quest',118,118,236434,NULL,337);
INSERT INTO "Track" VALUES (130,'Floating To Forever',118,118,351686,NULL,337);
INSERT INTO "Track" VALUES (131,'Open Road',131,131,318563,NULL,10);
INSERT INTO "Track" VALUES (132,'Ruby',132,132,205008,NULL,13);
INSERT INTO "Track" VALUES (133,'The Angry Mob',132,132,288313,NULL,41);
INSERT INTO "Track" VALUES (134,'Heat Dies Down',132,132,237061,NULL,12);
INSERT INTO "Track" VALUES (135,'Highroyds',132,132,199575,NULL,10);
INSERT INTO "Track" VALUES (136,'Love''s Not A Competition (But I''m Winning)',132,132,197799,NULL,11);
INSERT INTO "Track" VALUES (137,'Thank You Very Much',132,132,157753,NULL,11);
INSERT INTO "Track" VALUES (138,'I Can Do It Without You',132,132,204199,NULL,11);
INSERT INTO "Track" VALUES (139,'My Kind Of Guy',132,132,246595,NULL,10);
INSERT INTO "Track" VALUES (140,'Everything Is Average Nowadays',132,132,164754,NULL,16);
INSERT INTO "Track" VALUES (141,'Learnt My Lesson Well',132,132,325955,NULL,9);
INSERT INTO "Track" VALUES (142,'Try Your Best',132,132,222511,NULL,8);
INSERT INTO "Track" VALUES (143,'Retirement',132,132,237426,NULL,10);
INSERT INTO "Track" VALUES (144,'The Angry Mob [Live From Berlin]',132,132,279066,NULL,40);
INSERT INTO "Track" VALUES (145,'I Like To Fight',132,132,218566,NULL,8);
INSERT INTO "Track" VALUES (146,'From The Neck Down',132,132,147226,NULL,15);
INSERT INTO "Track" VALUES (147,'The Wisdom of Crowds: Why the Many Are Smarter than the Few Part 1 of 3',147,147,8586749,NULL,15);
INSERT INTO "Track" VALUES (148,'The Wisdom of Crowds: Why the Many Are Smarter than the Few Part 2 of 3',147,147,8443432,NULL,9);
INSERT INTO "Track" VALUES (149,'The Wisdom of Crowds: Why the Many Are Smarter than the Few Part 3 of 3',147,147,4168829,NULL,3);
INSERT INTO "Track" VALUES (150,'The Wisdom of Crowds: Why the Many Are Smarter Than the Few (Unabridged) Part 1 of 5',150,150,7920893,NULL,4);
INSERT INTO "Track" VALUES (151,'The Wisdom of Crowds: Why the Many Are Smarter Than the Few (Unabridged) Part 2 of 5',150,150,7921106,NULL,NULL);
INSERT INTO "Track" VALUES (152,'The Wisdom of Crowds: Why the Many Are Smarter Than the Few (Unabridged) Part 3 of 5',150,150,7965736,NULL,NULL);
INSERT INTO "Track" VALUES (153,'The Wisdom of Crowds: Why the Many Are Smarter Than the Few (Unabridged) Part 4 of 5',150,150,9653330,NULL,1);
INSERT INTO "Track" VALUES (154,'The Wisdom of Crowds: Why the Many Are Smarter Than the Few (Unabridged) Part 5 of 5',150,150,746536,NULL,NULL);
INSERT INTO "Track" VALUES (155,'Misty',155,155,249312,NULL,302);
INSERT INTO "Track" VALUES (156,'My Funny Valentine',155,155,235885,NULL,301);
INSERT INTO "Track" VALUES (157,'Since I Don''t Have You',155,155,251846,NULL,288);
INSERT INTO "Track" VALUES (158,'Tenderly',155,155,227395,NULL,284);
INSERT INTO "Track" VALUES (159,'When I Fall In Love',155,155,187768,NULL,281);
INSERT INTO "Track" VALUES (160,'Unforgettable',155,155,272927,NULL,280);
INSERT INTO "Track" VALUES (161,'The Way You Look Tonight',155,155,247222,NULL,277);
INSERT INTO "Track" VALUES (162,'I''ve Grown Accustomed To Your Face',155,155,148035,NULL,280);
INSERT INTO "Track" VALUES (163,'Smoke Gets In Your Eyes',155,155,198504,NULL,277);
INSERT INTO "Track" VALUES (164,'Fly Me To The Moon',155,155,182543,NULL,275);
INSERT INTO "Track" VALUES (165,'Unchained Melody',155,155,259369,NULL,265);
INSERT INTO "Track" VALUES (166,'These Foolish Things Remind Me Of You',155,155,184711,NULL,267);
INSERT INTO "Track" VALUES (167,'La Vie En Rose',155,155,276767,NULL,259);
INSERT INTO "Track" VALUES (168,'As Time Goes By',155,155,257985,NULL,290);
INSERT INTO "Track" VALUES (169,'Pilot',169,169,3847006,NULL,1);
INSERT INTO "Track" VALUES (170,'hte postal service - the impor',170,170,193959,NULL,NULL);
INSERT INTO "Track" VALUES (171,'Winter Wonderland',171,171,144744,NULL,163);
INSERT INTO "Track" VALUES (172,'Jingle Bells',171,171,121756,NULL,271);
INSERT INTO "Track" VALUES (173,'White Christmas',171,171,95634,NULL,158);
INSERT INTO "Track" VALUES (174,'The Christmas Song',171,171,209632,NULL,272);
INSERT INTO "Track" VALUES (175,'Little Drummer Boy',171,171,178311,NULL,154);
INSERT INTO "Track" VALUES (176,'Silent Night',171,171,149054,NULL,257);
INSERT INTO "Track" VALUES (177,'Let It Snow',171,171,125126,NULL,154);
INSERT INTO "Track" VALUES (178,'Mistletoe And Holly',171,171,138501,NULL,257);
INSERT INTO "Track" VALUES (179,'O Holy Night',171,171,214021,NULL,150);
INSERT INTO "Track" VALUES (180,'Have Yourself A Merry Little Christmas',171,171,208248,NULL,252);
INSERT INTO "Track" VALUES (181,'Do You Hear What I Hear',171,171,164728,NULL,155);
INSERT INTO "Track" VALUES (182,'I''ll Be Home For Christmas',171,171,190876,NULL,249);
INSERT INTO "Track" VALUES (183,'Voices',183,183,191764,NULL,NULL);
INSERT INTO "Track" VALUES (184,'The Game',183,183,227134,NULL,1);
INSERT INTO "Track" VALUES (185,'Stupify',183,183,274233,NULL,1);
INSERT INTO "Track" VALUES (186,'Down With The Sickness',183,183,278726,NULL,1);
INSERT INTO "Track" VALUES (187,'Violence Fetish',183,183,203833,NULL,NULL);
INSERT INTO "Track" VALUES (188,'Fear',183,183,227004,NULL,4);
INSERT INTO "Track" VALUES (189,'Numb',183,183,224940,NULL,NULL);
INSERT INTO "Track" VALUES (190,'Want',183,183,232803,NULL,NULL);
INSERT INTO "Track" VALUES (191,'Conflict',183,183,275330,NULL,5);
INSERT INTO "Track" VALUES (192,'Shout 2000',183,183,257802,NULL,1);
INSERT INTO "Track" VALUES (193,'Droppin'' Plates',183,183,229302,NULL,4);
INSERT INTO "Track" VALUES (194,'Meaning Of Life',183,183,242599,NULL,3);
INSERT INTO "Track" VALUES (196,'Eben Upton: Raspberry Pi',196,195,661368,NULL,2);
INSERT INTO "Track" VALUES (197,'Andrew Tanenbaum: Writing the Book on Networks',196,195,535040,NULL,4);
INSERT INTO "Track" VALUES (198,'Massimo Banzi: Building Arduino',196,195,567745,NULL,1);
INSERT INTO "Track" VALUES (209,'John C. Hollar: History of Computing',196,195,694073,NULL,1);
INSERT INTO "Track" VALUES (210,'Bob Metcalfe: Ethernet at Forty',196,195,1031392,NULL,NULL);
INSERT INTO "Track" VALUES (211,'Gordon Bell: Building Blocks of Computing',196,195,744620,NULL,1);
INSERT INTO "Track" VALUES (212,'Ian Horrocks: Standardizing OWL',196,195,572212,NULL,1);
INSERT INTO "Track" VALUES (213,'Katie Hafner: The Origins of the Internet',196,195,652460,NULL,1);
INSERT INTO "Track" VALUES (214,'Larry Smarr: Building Mosaic',196,195,894693,NULL,NULL);
INSERT INTO "Track" VALUES (215,'Len Kleinrock: The Theory of Packets',196,195,674742,NULL,1);
INSERT INTO "Track" VALUES (216,'Mitchell Baker: The Mozilla Foundation',196,195,994246,NULL,NULL);
INSERT INTO "Track" VALUES (217,'Pooja Sankar: Building the Piazza Collaboration System',196,195,496404,NULL,NULL);
INSERT INTO "Track" VALUES (218,'Van Jacobson: Content-Centric Networking',196,195,780251,NULL,NULL);
INSERT INTO "Track" VALUES (219,'The Apache Software Foundation',196,195,542484,NULL,NULL);
INSERT INTO "Track" VALUES (220,'A Brief History of Packets',196,195,1004643,NULL,NULL);
INSERT INTO "Track" VALUES (221,'Discovering JavaScript Object Notation',196,195,650971,NULL,NULL);
INSERT INTO "Track" VALUES (222,'Inventing PHP',196,195,494915,NULL,NULL);
INSERT INTO "Track" VALUES (223,'Monash Museum of Computing History',196,195,362657,NULL,NULL);
INSERT INTO "Track" VALUES (224,'The Rise of JavaScript',196,195,526132,NULL,NULL);
INSERT INTO "Track" VALUES (225,'Joseph Hardin: NCSA Mosaic',196,195,845635,NULL,NULL);
INSERT INTO "Track" VALUES (226,'Len Kleinrock on the Internet''s First Two Packets',196,195,594390,NULL,1);
INSERT INTO "Track" VALUES (227,'Doug Van Houweling on Building the NSFNet',196,195,773146,NULL,NULL);
INSERT INTO "Track" VALUES (228,'Computing Conversations: Nathaniel Borenstein on MIME',196,195,682135,NULL,NULL);
INSERT INTO "Track" VALUES (229,'You Don''t Mess Around With Jim',229,229,184398,NULL,NULL);
INSERT INTO "Track" VALUES (230,'Andrew S. Tanenbaum on MINIX',196,195,603000,NULL,NULL);
INSERT INTO "Track" VALUES (231,'Computing Conversations: Elizabeth Fong on SQL Standards',196,195,533577,NULL,NULL);
INSERT INTO "Track" VALUES (232,'Nii Quaynor on Bringing the Internet to Africa',196,195,673332,NULL,1);
INSERT INTO "Track" VALUES (233,'PHP-09-Transactions.mp3',233,195,1728888,NULL,NULL);
INSERT INTO "Track" VALUES (234,'PHP-01-Intro.mp3',233,195,2250624,NULL,NULL);
INSERT INTO "Track" VALUES (235,'PHP-02-Install.mp3',233,195,NULL,NULL,1);
INSERT INTO "Track" VALUES (236,'PHP-04-Expressions.mp3',233,195,2168064,NULL,NULL);
INSERT INTO "Track" VALUES (237,'PHP-05-Functions.mp3',233,195,1446792,NULL,NULL);
INSERT INTO "Track" VALUES (238,'PHP-06-Strings.mp3',233,195,417696,NULL,NULL);
INSERT INTO "Track" VALUES (239,'PHP-12-Sessions.mp3',233,195,3624312,NULL,NULL);
INSERT INTO "Track" VALUES (240,'PHP-06-Objects.mp3',233,195,2455368,NULL,NULL);
INSERT INTO "Track" VALUES (241,'SI664-13-JSON-A.mp3',233,195,4407672,NULL,NULL);
INSERT INTO "Track" VALUES (242,'PHP-13-JavaScript.mp3',233,195,3650088,NULL,NULL);
INSERT INTO "Track" VALUES (243,'PHP-09-Database-Design.mp3',233,195,3591072,NULL,NULL);
INSERT INTO "Track" VALUES (244,'PHP-Tsugi-Install.mp3',233,195,3181656,NULL,NULL);
INSERT INTO "Track" VALUES (245,'PHP-10-MySQL-PDO.mp3',233,195,4536685,NULL,NULL);
INSERT INTO "Track" VALUES (246,'PHP-08-MySQL.mp3',233,195,3994656,NULL,NULL);
INSERT INTO "Track" VALUES (247,'SI664-13-JSON-B.mp3',233,195,1484616,NULL,NULL);
INSERT INTO "Track" VALUES (248,'IMS-Learning-Tools-Interoperability.mp3',233,195,2185848,NULL,NULL);
INSERT INTO "Track" VALUES (249,'An Interview with Don Waters',249,249,1411082,NULL,2);
INSERT INTO "Track" VALUES (250,'PY4INF-11-Regex.mp3',195,195,2123702,NULL,NULL);
INSERT INTO "Track" VALUES (251,'PY4INF-10-Tuples.mp3',195,195,1597596,NULL,NULL);
INSERT INTO "Track" VALUES (252,'PY4INF-09-Dictionaries.mp3',195,195,2254445,NULL,NULL);
INSERT INTO "Track" VALUES (253,'PY4INF-08-Lists.mp3',195,195,1636231,NULL,NULL);
INSERT INTO "Track" VALUES (254,'PY4INF-07-Files.mp3',195,195,1478713,NULL,NULL);
INSERT INTO "Track" VALUES (255,'PY4INF-06-Strings.mp3',195,195,1677844,NULL,NULL);
INSERT INTO "Track" VALUES (256,'PY4INF-05-Iterations.mp3',195,195,2804297,NULL,NULL);
INSERT INTO "Track" VALUES (257,'PY4INF-04-Functions.mp3',195,195,1683800,NULL,NULL);
INSERT INTO "Track" VALUES (258,'PY4INF-03-Conditional.mp3',195,195,2296058,NULL,NULL);
INSERT INTO "Track" VALUES (259,'PY4INF-02-Expressions.mp3',195,195,2578416,NULL,NULL);
INSERT INTO "Track" VALUES (260,'PY4INF-01-Intro.mp3',195,195,3428075,NULL,NULL);
INSERT INTO "Track" VALUES (261,'Py4Inf-11-Regex.mp3',195,195,2123702,NULL,NULL);
INSERT INTO "Track" VALUES (262,'Py4Inf-10-Tuples.mp3',195,195,1597596,NULL,NULL);
INSERT INTO "Track" VALUES (263,'Py4Inf-09-Dictionaries.mp3',195,195,2254445,NULL,NULL);
INSERT INTO "Track" VALUES (264,'Py4Inf-08-Lists.mp3',195,195,1636231,NULL,NULL);
INSERT INTO "Track" VALUES (265,'Py4Inf-07-Files.mp3',195,195,1478713,NULL,NULL);
INSERT INTO "Track" VALUES (266,'Py4Inf-06-Strings.mp3',195,195,1677844,NULL,NULL);
INSERT INTO "Track" VALUES (267,'Py4Inf-05-Iterations.mp3',195,195,2804297,NULL,NULL);
INSERT INTO "Track" VALUES (268,'Py4Inf-04-Functions.mp3',195,195,1683800,NULL,NULL);
INSERT INTO "Track" VALUES (269,'Py4Inf-03-Conditional.mp3',195,195,2296058,NULL,NULL);
INSERT INTO "Track" VALUES (270,'Py4Inf-02-Expressions.mp3',195,195,2578416,NULL,NULL);
INSERT INTO "Track" VALUES (271,'Py4Inf-01-Intro.mp3',195,195,3428075,NULL,NULL);
INSERT INTO "Track" VALUES (272,'Ian Foster on the Globus Project',196,195,538305,NULL,1);
INSERT INTO "Track" VALUES (273,'Khan Academy and Computer Science',196,195,558837,NULL,1);
INSERT INTO "Track" VALUES (274,'Guido van Rossumon the Early Years of Python',196,195,701884,NULL,1);
INSERT INTO "Track" VALUES (275,'Guido van Rossum on the Modern Era of Python',196,195,741616,NULL,NULL);
INSERT INTO "Track" VALUES (276,'John Resig on Building jQuery',196,195,595983,NULL,NULL);
INSERT INTO "Track" VALUES (277,'Roy T. Fielding on Understanding the REST Style',196,195,683650,NULL,1);
INSERT INTO "Track" VALUES (278,'Anil Jain: 25 Years of Biometric Recognition',196,195,661368,NULL,NULL);
INSERT INTO "Track" VALUES (279,'Waste Management',279,279,2565232,NULL,1);
INSERT INTO "Track" VALUES (280,'Sleep Like a Baby Tonight',280,1,301641,NULL,NULL);
INSERT INTO "Track" VALUES (281,'Evergreen',281,1,261373,NULL,NULL);
INSERT INTO "Track" VALUES (282,'Oh Josephine',281,1,398907,NULL,NULL);
INSERT INTO "Track" VALUES (283,'Movin'' On Down the Line',281,1,342693,NULL,NULL);
INSERT INTO "Track" VALUES (284,'Wounded Bird',281,1,263453,NULL,NULL);
INSERT INTO "Track" VALUES (285,'Volcano',280,1,194116,NULL,NULL);
INSERT INTO "Track" VALUES (286,'Wee Who See the Deep',281,1,290520,NULL,NULL);
INSERT INTO "Track" VALUES (287,'Cedarwood Road',280,1,265268,NULL,NULL);
INSERT INTO "Track" VALUES (288,'Locust Street',281,1,255240,NULL,NULL);
INSERT INTO "Track" VALUES (289,'Raised By Wolves',280,1,245599,NULL,NULL);
INSERT INTO "Track" VALUES (290,'The Troubles',280,1,285843,NULL,NULL);
INSERT INTO "Track" VALUES (291,'This Is Where You Can Reach Me Now',280,1,305134,NULL,NULL);
INSERT INTO "Track" VALUES (292,'God''s Got It',281,1,202653,NULL,NULL);
INSERT INTO "Track" VALUES (293,'California (There Is No End to Love)',280,1,239846,NULL,NULL);
INSERT INTO "Track" VALUES (294,'Every Breaking Wave',280,1,252162,NULL,NULL);
INSERT INTO "Track" VALUES (295,'Interview With the Onion News Network',295,295,302002,NULL,1);
INSERT INTO "Track" VALUES (296,'Song for Someone',280,1,226763,NULL,NULL);
INSERT INTO "Track" VALUES (297,'The Miracle (Of Joey Ramone)',280,1,255382,NULL,NULL);
INSERT INTO "Track" VALUES (298,'Iris (Hold Me Close)',280,1,319457,NULL,NULL);
INSERT INTO "Track" VALUES (299,'Goodbye Daughters of the Revolution',281,1,304147,NULL,NULL);
INSERT INTO "Track" VALUES (300,'Walk Believer Walk',281,1,280253,NULL,NULL);
INSERT INTO "Track" VALUES (301,'Choice Hotels International',301,279,2614047,NULL,1);
INSERT INTO "Track" VALUES (302,'Microchip',302,302,114336,NULL,NULL);
INSERT INTO "Track" VALUES (303,'Anant Agarwal',196,195,494000,NULL,NULL);
COMMIT;
